,Arrival Time,Inter Arrival Time(in minutes),Rounded_Inter_Arrival_Time(min),Time Period,No. of Patients,Arrival_Cumulative,Patients arrival per minutes,Time(According to collecting system length (n),Time Interval,LAMBDA,,Sl. No.,Service Time (IN),Service Time (OUT),AM/PM,Inter-Service Time (In Minutes),Time Period,No. of Patients,No. of Patients Per min.,No. of patients (Cumulative)= Y(t),Time (According to the collection of system length n),Time Interval,Mu,,Time,Queue 1,Queue 2,Queue 3,Queue 4,System Length(n),Total Queue Length,,,,,,time,Patients,t (min),Cumulative Patients  N(t),lambda(t) = N(t)/t,Expected Lambda,lam,, Time Interval,Patients,Patients Interval,Frequency,Cumulative Patients,#############,Service Rate on time,,
1,8:37:28,0,0,8:35 - 8:45,20,20,2,8:35,8:30-8:40,0.6,,1,8:35:00,8:38:00,AM,3,8:35 - 8:45,14,1.4,14,8:35,8:30-8:40,0.4,,8:35,1,2,0,1,10,4,,,,,,8:35 - 8:40,3,5,3,0.6,0.4,0.2,,8:35-8:40,4,0.5-3.5,1,4,5,0.8,,
2,8:37:49,0.35,0.35,8:45 - 8:55,35,55,3.5,8:45,8:40-8:50,3.9,,2,8:36:00,8:39:00,AM,3,8:45 - 8:55,16,1.6,30,8:45,8:40-8:50,1.8,,8:45,0,2,1,1,15,4,,,,,,8:40 - 8:45,17,10,20,2,1.333333333,0.666666667,,8:40-8:45,10,3.5-6.5,12,14,10,1.4,,263
3,8:38:23,0.566666667,0.5667,8:55 - 9:05,22,77,2.2,8:50,8:45-8:55,3.7,,3,8:38:00,8:39:00,AM,1,8:55 - 9:05,16,1.6,46,8:50,8:45-8:55,1.6,,8:50,1,4,2,7,14,14,,,,,,8:45 - 8:50,15,15,35,2.333333333,1.555555555,0.777777778,,8:45-8:50,8,6.5-9.5,21,22,15,1.466666667,,
4,8:40:11,1.8,1.8,9:05 - 9:15,35,112,3.5,9:00,8:55-9:05,2.3,,4,8:38:00,8:40:00,AM,2,9:05 - 9:15,15,1.5,61,9:00,8:55-9:05,1.6,,9:00,2,2,1,3,25,8,,,,,,8:50 - 8:55,20,20,55,2.75,1.833333333,0.916666667,,8:50-8:55,8,9.5-12.5,3,30,20,1.5,,
5,8:40:25,0.233333333,0.2333,9:15 - 9:25,46,158,4.6,9:10,9:05-9:15,3.8,,5,8:39:00,8:41:00,AM,2,9:15 - 9:25,10,1,71,9:10,9:05-9:15,1.5,,9:10,3,3,3,6,30,15,,,,,,8:55 - 9:00,7,25,62,2.48,1.653333333,0.826666667,,8:55-9:00,7,,,37,25,1.48,,
6,8:40:50,0.416666667,0.4167,9:25 - 9:35,69,227,6.9,9:20,9:15-9:25,5,,6,8:39:00,8:42:00,AM,3,9:25 - 9:35,14,1.4,85,9:20,9:15-9:25,1,,9:20,4,4,6,6,40,20,,,,,,9:00 - 9:05,15,30,77,2.566666667,1.711111111,0.855555556,,9:00-9:05,9,,,46,30,1.533333333,,
7,8:41:10,0.333333333,0.3333,9:35 - 9:45,73,300,7.3,9:25,9:20-9:30,7.2,,7,8:40:00,8:42:00,AM,2,9:35 - 9:45,13,1.3,98,9:25,9:20-9:30,1.2,,9:25,3,4,5,6,24,18,,,,,,9:05 - 9:10,17,35,94,2.685714286,1.790476191,0.895238095,,9:05-9:10,7,,,53,35,1.514285714,,
8,8:41:25,0.25,0.25,9:45 - 9:55,50,350,5,9:30,9:25-9:35,7.3,,8,8:40:00,8:42:00,AM,2,9:45 - 9:55,15,1.5,113,9:30,9:25-9:35,1.4,,9:30,3,4,5,12,28,24,,,,,,9:10 - 9:15,18,40,112,2.8,1.866666667,0.933333333,,9:10-9:15,8,,,61,40,1.525,,
9,8:42:27,1.033333333,1.0333,9:55 - 10:05,43,393,4.3,9:35,9:30-9:40,7.7,,9,8:42:00,8:44:00,AM,2,9:55 - 10:05,17,1.7,130,9:35,9:30-9:40,1.3,,9:35,6,9,7,18,45,40,,,,,,9:15 - 9:20,20,45,132,2.933333333,1.955555555,0.977777778,,9:15-9:20,5,,,66,45,1.466666667,,
10,8:42:40,0.216666667,0.2167,10:05 - 10:15,27,420,2.7,9:40,9:35-9:45,8.1,,10,8:42:00,8:43:00,AM,1,10:05 - 10:15,20,2,150,9:40,9:35-9:45,1.3,,9:40,4,12,10,21,60,47,,,,,,9:20 - 9:25,26,50,158,3.16,2.106666667,1.053333333,,9:20-9:25,5,,,71,50,1.42,,
11,8:42:55,0.25,0.25,10:50 - 11:00,51,471,5.1,9:45,9:40-9:50,6.8,,11,8:43:00,8:44:00,AM,1,10:50 - 11:00,9,0.9,159,9:45,9:40-9:50,1.4,,9:45,6,11,14,25,66,56,,,,,,9:25 - 9:30,35,55,193,3.509090909,2.339393939,1.16969697,,9:25-9:30,7,,,78,55,1.418181818,,
12,8:43:12,0.283333333,0.2833,11:00 - 11:10,73,544,7.3,9:50,9:45-9:55,5.5,,12,8:42:00,8:44:00,AM,2,11:00 - 11:10,17,1.7,176,9:50,9:45-9:55,1.5,,9:50,5,12,16,32,76,65,,,,,,9:30 - 9:35,34,60,227,3.783333333,2.522222222,1.261111111,,9:30-9:35,7,,,85,60,1.416666667,,
13,8:43:20,0.133333333,0.1333,11:10 - 11:20,25,569,2.5,9:55,9:50-10:00,4.8,,13,8:44:00,8:45:00,AM,1,11:10 - 11:20,16,1.6,192,9:55,9:50-10:00,1.9,,9:55,6,12,13,19,67,50,,,,,,9:35 - 9:40,37,65,264,4.061538462,2.707692308,1.353846154,,9:35-9:40,6,,,91,65,1.4,,
14,8:43:28,0.133333333,0.1333,11:20 - 11:30,31,600,3.1,10:00,9:55-10:05,3.8,,14,8:44:00,8:45:00,AM,1,11:20 - 11:30,12,1.2,204,10:00,9:55-10:05,1.8,,10:00,7,10,14,16,59,47,,,,,,9:40 - 9:45,36,70,300,4.285714286,2.857142857,1.428571429,,9:40-9:45,7,,,98,70,1.4,,
15,8:43:36,0.133333333,0.1333,12:25 - 12:35,18,618,1.8,10:05,10:00-10:10,3.2,,15,8:45:00,8:46:00,AM,1,12:25 - 12:35,7,0.7,211,10:05,10:00-10:10,1.4,,10:05,6,8,7,11,42,32,,,,,,9:45 - 9:50,27,75,327,4.36,2.906666667,1.453333333,,9:45-9:50,7,,,105,75,1.4,,
16,8:43:50,0.233333333,0.2333,12:35 - 12:45,21,639,2.1,10:10,10:05-10:15,2.7,,16,8:45:00,8:46:00,AM,1,12:35 - 12:45,13,1.3,224,10:10,10:05-10:15,2,,10:10,2,10,12,8,43,32,,,,,,9:50 - 9:55,23,80,350,4.375,2.916666667,1.458333333,,9:50-9:55,8,,,113,80,1.4125,,
17,8:44:12,0.366666667,0.3667,12:45 - 12:55,19,658,1.9,10:15,10:10-10:20,0.8,,17,8:46:00,8:48:00,AM,2,12:45 - 12:55,12,1.2,236,10:15,10:10-10:20,1.2,,10:15,4,8,8,13,46,33,,,,,,9:55 - 10:00,27,85,377,4.435294118,2.956862745,1.478431373,,9:55-10:00,11,,,124,85,1.458823529,,
18,8:44:18,0.1,0.1,12:55 - 13:05,23,681,2.3,10:55,10:50-11:00,5.5,,18,8:46:00,8:49:00,AM,3,12:55 - 13:05,12,1.2,248,10:55,10:50-11:00,0.9,,10:55,9,15,16,30,98,70,,,,,,10:00 - 10:05,15,90,392,4.355555556,2.903703704,1.451851852,,10:00-10:05,6,,,130,90,1.444444444,,
19,8:44:34,0.266666667,0.2667,13:05 - 13:15,9,690,0.9,11:05,11:00-11:10,7.4,,19,8:48:00,8:49:00,AM,1,13:05 - 13:15,15,1.5,263,11:05,11:00-11:10,1.7,,11:05,10,14,15,32,100,71,,,,,,10:05 - 10:10,13,95,405,4.263157895,2.842105263,1.421052632,,10:05-10:10,8,,,138,95,1.452631579,,
20,8:44:56,0.366666667,0.3667,,,,,11:10,11:05-11:15,5.2,,20,8:48:00,8:49:00,AM,1,,,,,11:10,11:05-11:15,1.6,,11:10,13,13,14,23,90,63,,,,,,10:10 - 10:15,14,100,419,4.19,2.793333333,1.396666667,,10:10-10:15,12,,,150,100,1.5,,
21,8:45:20,0.4,0.4,,,,,11:15,11:10-11:20,2.3,,21,8:49:00,8:50:00,AM,1,,,,,11:15,11:10-11:20,1.6,,11:15,7,13,18,30,70,68,,,,,,10:50 - 10:55,19,105,438,4.171428571,2.780952381,1.39047619,,10:50-10:55,2,,,152,105,1.447619048,,
22,8:45:25,0.083333333,0.0833,,,,,11:20,11:15-11:25,2.6,,22,8:49:00,8:50:00,AM,1,,,,,11:20,11:15-11:25,1.5,,11:20,8,14,17,33,90,72,,,,,,10:55 - 11:00,32,110,470,4.272727273,2.848484849,1.424242424,,10:55-11:00,7,,,159,110,1.445454545,,
23,8:45:36,0.183333333,0.1833,,,,,11:25,11:20-11:30,2.2,,23,8:50:00,8:51:00,AM,1,,,,,11:25,11:20-11:30,1.2,,11:25,7,15,16,35,100,73,,,,,,11:00 - 11:05,27,115,497,4.32173913,2.88115942,1.44057971,,11:00-11:05,8,,,167,115,1.452173913,,
24,8:45:40,0.066666667,0.0667,,,,,11:30,11:25-11:35,1.5,,24,8:50:00,8:52:00,AM,2,,,,,11:30,11:25-11:35,0.6,,11:30,8,14,18,33,105,73,,,,,,11:05 - 11:10,46,120,543,4.525,3.016666667,1.508333333,,11:05-11:10,9,,,176,120,1.466666667,,
25,8:45:55,0.25,0.25,,,,,12:30,12:25-12:35,2.1,,25,8:51:00,8:52:00,AM,1,,,,,12:30,12:25-12:35,0.7,,12:30,6,15,19,30,103,70,,,,,,11:10 - 11:15,12,125,555,4.44,2.96,1.48,,11:10-11:15,7,,,183,125,1.464,,
26,8:46:26,0.516666667,0.5167,,,,,12:35,12:30-12:40,2.7,,26,8:52:00,8:53:00,AM,1,,,,,12:35,12:30-12:40,1.2,,12:35,8,18,16,32,100,74,,,,,,11:15 - 11:20,13,130,568,4.369230769,2.912820513,1.456410256,,11:15-11:20,9,,,192,130,1.476923077,,
27,8:46:44,0.3,0.3,,,,,12:40,12:35-12:45,1.8,,27,8:52:00,8:53:00,AM,1,,,,,12:40,12:35-12:45,1.3,,12:40,7,17,18,32,75,74,,,,,,11:20 - 11:25,13,135,581,4.303703704,2.869135803,1.434567901,,11:20-11:25,6,,,198,135,1.466666667,,
28,8:47:46,1.033333333,1.0333,,,,,12:45,12:40-12:50,1.9,,28,8:51:00,8:53:00,AM,2,,,,,12:45,12:40-12:50,1.4,,12:45,7,16,17,31,80,71,,,,,,11:25 - 11:30,18,140,599,4.278571429,2.852380953,1.426190476,,11:25-11:30,6,,,204,140,1.457142857,,
29,8:48:12,0.433333333,0.4333,,,,,12:50,12:45-12:55,2.2,,29,8:53:00,8:55:00,AM,2,,,,,12:50,12:45-12:55,1.2,,12:50,8,16,18,33,70,75,,,,,,12:30 - 12:35,17,145,616,4.248275862,2.832183908,1.416091954,,12:30-12:35,7,,,211,145,1.455172414,,
30,8:48:30,0.3,0.3,,,,,12:55,12:50-13:00,2.8,,30,8:52:00,8:54:00,AM,2,,,,,12:55,12:50-13:00,1.2,,12:55,6,15,17,30,50,68,,,,,,12:35 - 12:40,10,150,626,4.173333333,2.782222222,1.391111111,,12:35-12:40,5,,,216,150,1.44,,
31,8:48:54,0.4,0.4,,,,,13:00,12:55-13:05,2.2,,31,8:55:00,8:56:00,AM,1,,,,,13:00,12:55-13:05,1.2,,13:00,7,15,18,29,75,69,,,,,,12:40 - 12:45,11,155,637,4.109677419,2.739784946,1.369892473,,12:40-12:45,8,,,224,155,1.44516129,,
32,8:49:09,0.25,0.25,,,,,13:05,13:00-13:10,1.3,,32,8:55:00,8:57:00,AM,2,,,,,13:05,13:00-13:10,1.5,,13:05,5,9,12,16,60,42,,,,,,12:45 - 12:50,10,160,647,4.04375,2.695833333,1.347916667,,12:45-12:50,6,,,230,160,1.4375,,
33,8:49:25,0.266666667,0.2667,,,,,13:10,13:05-13:15,0.6,,33,8:57:00,8:58:00,AM,1,,,,,13:10,13:05-13:15,1.5,,13:10,12,8,15,20,70,55,,,,,,12:50 - 12:55,9,165,656,3.975757576,2.650505051,1.325252525,,12:50-12:55,6,,,236,165,1.43030303,,
34,8:49:37,0.2,0.2,,,,,,,,,34,8:57:00,8:59:00,AM,2,,,,,,,,,,,,,,,,,,,,,12:55 - 13:00,15,170,671,3.947058824,2.631372549,1.315686275,,12:55-13:00,6,,,242,170,1.423529412,,
35,8:49:48,0.183333333,0.1833,,,,,,,,,35,8:56:00,8:58:00,AM,2,,,,,,,,,,,,,,,,,,,,,13:00 - 13:05,8,175,679,3.88,2.586666667,1.293333333,,13:00-13:05,6,,,248,175,1.417142857,,
36,8:50:10,0.366666667,0.3667,,,,,,,,,36,8:58:00,8:59:00,AM,1,,,,,,,,,,,,,,,,,,,,,13:05 - 13:10,9,180,688,3.822222222,2.548148148,1.274074074,,13:05-13:10,8,,,256,180,1.422222222,,
37,8:50:19,0.15,0.15,,,,,,,,,37,8:59:00,9:00:00,AM,1,,,,,,,,,,,,,,,,,,,,,,,,,,,,,13:10-13:15,7,,,263,185,1.421621622,,
38,8:50:29,0.166666667,0.1667,,,,,,,,,38,8:59:00,9:01:00,AM,2,,,,,,,,,,,,,,,,,,,,,,,,,,,,,,,,,,,,,
39,8:50:34,0.083333333,0.0833,,,,,,,,,39,9:00:00,9:01:00,AM,1,,,,,,,,,,,,,,,,,,,,,,,,,,,,,,,,,,,,,
40,8:50:40,0.1,0.1,,,,,,,,,40,9:01:00,9:02:00,AM,1,,,,,,,,,,,,,,,,,,,,,,,,,,,,,,,,,,,,,
41,8:50:49,0.15,0.15,,,,,,,,,41,9:01:00,9:03:00,AM,2,,,,,,,,,,,,,,,,,,,,,,,,,,,,,,,,,,,,,
42,8:50:58,0.15,0.15,,,,,,,,,42,9:01:00,9:03:00,AM,2,,,,,,,,,,,,,,,,,,,,,,,,,,,,,,,,,,,,,
43,8:51:10,0.2,0.2,,,,,,,,,43,9:03:00,9:04:00,AM,1,,,,,,,,,,,,,,,,,,,,,,,,,,,,,,,,,,,,,
44,8:51:19,0.15,0.15,,,,,,,,,44,9:03:00,9:04:00,AM,1,,,,,,,,,,,,,,,,,,,,,,,,,,,,,,,,,,,,,
45,8:51:30,0.183333333,0.1833,,,,,,,,,45,9:03:00,9:05:00,AM,2,,,,,,,,,,,,,,,,,,,,,,,,,,,,,,,,,,,,,
46,8:51:35,0.083333333,0.0833,,,,,,,,,46,9:04:00,9:05:00,AM,1,,,,,,,,,,,,,,,,,,,,,,,,,,,,,,,,,,,,,
47,8:51:39,0.066666667,0.0667,,,,,,,,,47,9:05:00,9:06:00,AM,1,,,,,,,,,,,,,,,,,,,,,,,,,,,,,,,,,,,,,
48,8:51:46,0.116666667,0.1167,,,,,,,,,48,9:05:00,9:06:00,AM,1,,,,,,,,,,,,,,,,,,,,,,,,,,,,,,,,,,,,,
49,8:52:24,0.633333333,0.6333,,,,,,,,,49,9:06:00,9:07:00,AM,1,,,,,,,,,,,,,,,,,,,,,,,,,,,,,,,,,,,,,
50,8:53:07,0.716666667,0.7167,,,,,,,,,50,9:06:00,9:08:00,AM,2,,,,,,,,,,,,,,,,,,,,,,,,,,,,,,,,,,,,,
51,8:53:46,0.65,0.65,,,,,,,,,51,9:07:00,9:10:00,AM,3,,,,,,,,,,,,,,,,,,,,,,,,,,,,,,,,,,,,,
52,8:54:11,0.416666667,0.4167,,,,,,,,,52,9:08:00,9:09:00,AM,1,,,,,,,,,,,,,,,,,,,,,,,,,,,,,,,,,,,,,
53,8:54:26,0.25,0.25,,,,,,,,,53,9:08:00,9:10:00,AM,2,,,,,,,,,,,,,,,,,,,,,,,,,,,,,,,,,,,,,
54,8:54:43,0.283333333,0.2833,,,,,,,,,54,9:10:00,9:11:00,AM,1,,,,,,,,,,,,,,,,,,,,,,,,,,,,,,,,,,,,,
55,8:54:56,0.216666667,0.2167,,,,,,,,,55,9:11:00,9:12:00,AM,1,,,,,,,,,,,,,,,,,,,,,,,,,,,,,,,,,,,,,
56,8:55:27,0.516666667,0.5167,,,,,,,,,56,9:11:00,9:13:00,AM,2,,,,,,,,,,,,,,,,,,,,,,,,,,,,,,,,,,,,,
57,8:55:56,0.483333333,0.4833,,,,,,,,,57,9:11:00,9:13:00,AM,2,,,,,,,,,,,,,,,,,,,,,,,,,,,,,,,,,,,,,
58,8:56:02,0.1,0.1,,,,,,,,,58,9:12:00,9:14:00,AM,2,,,,,,,,,,,,,,,,,,,,,,,,,,,,,,,,,,,,,
59,8:56:13,0.183333333,0.1833,,,,,,,,,59,9:13:00,9:15:00,AM,2,,,,,,,,,,,,,,,,,,,,,,,,,,,,,,,,,,,,,
60,8:56:34,0.35,0.35,,,,,,,,,60,9:11:00,9:14:00,AM,3,,,,,,,,,,,,,,,,,,,,,,,,,,,,,,,,,,,,,
61,8:56:45,0.183333333,0.1833,,,,,,,,,61,9:14:00,9:14:40,AM,0.67,,,,,,,,,,,,,,,,,,,,,,,,,,,,,,,,,,,,,
62,8:58:55,2.166666667,2.1667,,,,,,,,,62,9:14:00,9:16:00,AM,2,,,,,,,,,,,,,,,,,,,,,,,,,,,,,,,,,,,,,
63,9:00:20,1.416666667,1.4167,,,,,,,,,63,9:14:50,9:16:00,AM,1.167,,,,,,,,,,,,,,,,,,,,,,,,,,,,,,,,,,,,,
64,9:00:49,0.483333333,0.4833,,,,,,,,,64,9:15:00,9:16:00,AM,1,,,,,,,,,,,,,,,,,,,,,,,,,,,,,,,,,,,,,
65,9:01:30,0.683333333,0.6833,,,,,,,,,65,9:16:00,9:17:00,AM,1,,,,,,,,,,,,,,,,,,,,,,,,,,,,,,,,,,,,,
66,9:02:51,1.35,1.35,,,,,,,,,66,9:18:00,9:19:00,AM,1,,,,,,,,,,,,,,,,,,,,,,,,,,,,,,,,,,,,,
67,9:03:12,0.35,0.35,,,,,,,,,67,9:19:00,9:21:00,AM,2,,,,,,,,,,,,,,,,,,,,,,,,,,,,,,,,,,,,,
68,9:03:19,0.116666667,0.1167,,,,,,,,,68,9:21:00,9:22:00,AM,1,,,,,,,,,,,,,,,,,,,,,,,,,,,,,,,,,,,,,
69,9:03:28,0.15,0.15,,,,,,,,,69,9:22:00,9:23:00,AM,1,,,,,,,,,,,,,,,,,,,,,,,,,,,,,,,,,,,,,
70,9:03:34,0.1,0.1,,,,,,,,,70,9:22:00,9:24:00,AM,2,,,,,,,,,,,,,,,,,,,,,,,,,,,,,,,,,,,,,
71,9:03:45,0.183333333,0.1833,,,,,,,,,71,9:23:00,9:24:00,AM,1,,,,,,,,,,,,,,,,,,,,,,,,,,,,,,,,,,,,,
72,9:03:57,0.2,0.2,,,,,,,,,72,9:24:00,9:26:00,AM,2,,,,,,,,,,,,,,,,,,,,,,,,,,,,,,,,,,,,,
73,9:04:10,0.216666667,0.2167,,,,,,,,,73,9:24:00,9:27:00,AM,3,,,,,,,,,,,,,,,,,,,,,,,,,,,,,,,,,,,,,
74,9:04:25,0.25,0.25,,,,,,,,,74,9:26:00,9:28:00,AM,2,,,,,,,,,,,,,,,,,,,,,,,,,,,,,,,,,,,,,
75,9:04:33,0.133333333,0.1333,,,,,,,,,75,9:27:00,9:28:00,AM,1,,,,,,,,,,,,,,,,,,,,,,,,,,,,,,,,,,,,,
76,9:04:42,0.15,0.15,,,,,,,,,76,9:28:00,9:29:00,AM,1,,,,,,,,,,,,,,,,,,,,,,,,,,,,,,,,,,,,,
77,9:04:58,0.266666667,0.2667,,,,,,,,,77,9:28:00,9:30:00,AM,2,,,,,,,,,,,,,,,,,,,,,,,,,,,,,,,,,,,,,
78,9:05:30,0.533333333,0.5333,,,,,,,,,78,9:29:00,9:30:00,AM,1,,,,,,,,,,,,,,,,,,,,,,,,,,,,,,,,,,,,,
79,9:06:30,1,1,,,,,,,,,79,9:30:00,9:30:30,AM,0.5,,,,,,,,,,,,,,,,,,,,,,,,,,,,,,,,,,,,,
80,9:06:35,0.083333333,0.0833,,,,,,,,,80,9:30:00,9:31:00,AM,1,,,,,,,,,,,,,,,,,,,,,,,,,,,,,,,,,,,,,
81,9:06:51,0.266666667,0.2667,,,,,,,,,81,9:30:40,9:32:00,AM,1.33,,,,,,,,,,,,,,,,,,,,,,,,,,,,,,,,,,,,,
82,9:07:13,0.366666667,0.3667,,,,,,,,,82,9:31:00,9:33:00,AM,2,,,,,,,,,,,,,,,,,,,,,,,,,,,,,,,,,,,,,
83,9:07:22,0.15,0.15,,,,,,,,,83,9:32:00,9:34:00,AM,2,,,,,,,,,,,,,,,,,,,,,,,,,,,,,,,,,,,,,
84,9:07:39,0.283333333,0.2833,,,,,,,,,84,9:33:00,9:35:00,AM,2,,,,,,,,,,,,,,,,,,,,,,,,,,,,,,,,,,,,,
85,9:07:50,0.183333333,0.1833,,,,,,,,,85,9:34:00,9:35:00,AM,2,,,,,,,,,,,,,,,,,,,,,,,,,,,,,,,,,,,,,
86,9:08:14,0.4,0.4,,,,,,,,,86,9:35:00,9:36:00,AM,1,,,,,,,,,,,,,,,,,,,,,,,,,,,,,,,,,,,,,
87,9:08:20,0.1,0.1,,,,,,,,,87,9:35:00,9:36:00,AM,1,,,,,,,,,,,,,,,,,,,,,,,,,,,,,,,,,,,,,
88,9:08:34,0.233333333,0.2333,,,,,,,,,88,9:36:00,9:37:00,AM,1,,,,,,,,,,,,,,,,,,,,,,,,,,,,,,,,,,,,,
89,9:08:41,0.116666667,0.1167,,,,,,,,,89,9:36:00,9:38:00,AM,2,,,,,,,,,,,,,,,,,,,,,,,,,,,,,,,,,,,,,
90,9:08:50,0.15,0.15,,,,,,,,,90,9:37:00,9:39:00,AM,2,,,,,,,,,,,,,,,,,,,,,,,,,,,,,,,,,,,,,
91,9:09:20,0.5,0.5,,,,,,,,,91,9:38:00,9:40:00,AM,2,,,,,,,,,,,,,,,,,,,,,,,,,,,,,,,,,,,,,
92,9:09:29,0.15,0.15,,,,,,,,,92,9:40:00,9:42:00,AM,2,,,,,,,,,,,,,,,,,,,,,,,,,,,,,,,,,,,,,
93,9:09:35,0.1,0.1,,,,,,,,,93,9:40:00,9:42:00,AM,2,,,,,,,,,,,,,,,,,,,,,,,,,,,,,,,,,,,,,
94,9:09:54,0.316666667,0.3167,,,,,,,,,94,9:42:00,9:43:00,AM,1,,,,,,,,,,,,,,,,,,,,,,,,,,,,,,,,,,,,,
95,9:10:30,0.6,0.6,,,,,,,,,95,9:42:00,9:43:00,AM,1,,,,,,,,,,,,,,,,,,,,,,,,,,,,,,,,,,,,,
96,9:10:51,0.35,0.35,,,,,,,,,96,9:43:00,9:44:00,AM,1,,,,,,,,,,,,,,,,,,,,,,,,,,,,,,,,,,,,,
97,9:11:08,0.283333333,0.2833,,,,,,,,,97,9:43:00,9:44:00,AM,1,,,,,,,,,,,,,,,,,,,,,,,,,,,,,,,,,,,,,
98,9:11:15,0.116666667,0.1167,,,,,,,,,98,9:43:00,9:45:00,AM,2,,,,,,,,,,,,,,,,,,,,,,,,,,,,,,,,,,,,,
99,9:11:22,0.116666667,0.1167,,,,,,,,,99,9:44:00,9:46:00,AM,2,,,,,,,,,,,,,,,,,,,,,,,,,,,,,,,,,,,,,
100,9:11:29,0.116666667,0.1167,,,,,,,,,100,9:45:00,9:47:00,AM,2,,,,,,,,,,,,,,,,,,,,,,,,,,,,,,,,,,,,,
101,9:11:36,0.116666667,0.1167,,,,,,,,,101,9:46:00,9:47:00,AM,1,,,,,,,,,,,,,,,,,,,,,,,,,,,,,,,,,,,,,
102,9:11:45,0.15,0.15,,,,,,,,,102,9:47:00,9:48:00,AM,1,,,,,,,,,,,,,,,,,,,,,,,,,,,,,,,,,,,,,
103,9:11:54,0.15,0.15,,,,,,,,,103,9:47:00,9:48:00,AM,1,,,,,,,,,,,,,,,,,,,,,,,,,,,,,,,,,,,,,
104,9:12:13,0.316666667,0.3167,,,,,,,,,104,9:48:00,9:50:00,AM,2,,,,,,,,,,,,,,,,,,,,,,,,,,,,,,,,,,,,,
105,9:12:23,0.166666667,0.1667,,,,,,,,,105,9:48:00,9:50:00,AM,2,,,,,,,,,,,,,,,,,,,,,,,,,,,,,,,,,,,,,
106,9:12:33,0.166666667,0.1667,,,,,,,,,106,9:50:00,9:52:00,AM,2,,,,,,,,,,,,,,,,,,,,,,,,,,,,,,,,,,,,,
107,9:12:49,0.266666667,0.2667,,,,,,,,,107,9:50:00,9:52:00,AM,2,,,,,,,,,,,,,,,,,,,,,,,,,,,,,,,,,,,,,
108,9:13:26,0.616666667,0.6167,,,,,,,,,108,9:52:00,9:53:00,AM,1,,,,,,,,,,,,,,,,,,,,,,,,,,,,,,,,,,,,,
109,9:13:34,0.133333333,0.1333,,,,,,,,,109,9:52:00,9:53:00,AM,1,,,,,,,,,,,,,,,,,,,,,,,,,,,,,,,,,,,,,
110,9:13:53,0.316666667,0.3167,,,,,,,,,110,9:53:00,9:53:40,AM,0.67,,,,,,,,,,,,,,,,,,,,,,,,,,,,,,,,,,,,,
111,9:14:29,0.6,0.6,,,,,,,,,111,9:53:00,9:53:50,AM,0.83,,,,,,,,,,,,,,,,,,,,,,,,,,,,,,,,,,,,,
112,9:14:49,0.333333333,0.3333,,,,,,,,,112,9:53:50,9:54:50,AM,1,,,,,,,,,,,,,,,,,,,,,,,,,,,,,,,,,,,,,
113,9:15:21,0.533333333,0.5333,,,,,,,,,113,9:53:55,9:54:40,AM,0.75,,,,,,,,,,,,,,,,,,,,,,,,,,,,,,,,,,,,,
114,9:15:30,0.15,0.15,,,,,,,,,114,9:55:00,9:56:00,AM,1,,,,,,,,,,,,,,,,,,,,,,,,,,,,,,,,,,,,,
115,9:15:46,0.266666667,0.2667,,,,,,,,,115,9:54:50,9:56:00,AM,1.167,,,,,,,,,,,,,,,,,,,,,,,,,,,,,,,,,,,,,
116,9:16:09,0.383333333,0.3833,,,,,,,,,116,9:56:00,9:56:30,AM,0.5,,,,,,,,,,,,,,,,,,,,,,,,,,,,,,,,,,,,,
117,9:16:22,0.216666667,0.2167,,,,,,,,,117,9:56:00,9:57:00,AM,1,,,,,,,,,,,,,,,,,,,,,,,,,,,,,,,,,,,,,
118,9:16:32,0.166666667,0.1667,,,,,,,,,118,9:56:40,9:58:00,AM,1.33,,,,,,,,,,,,,,,,,,,,,,,,,,,,,,,,,,,,,
119,9:16:53,0.35,0.35,,,,,,,,,119,9:57:00,9:58:00,AM,1,,,,,,,,,,,,,,,,,,,,,,,,,,,,,,,,,,,,,
120,9:17:15,0.366666667,0.3667,,,,,,,,,120,9:57:00,9:58:00,AM,1,,,,,,,,,,,,,,,,,,,,,,,,,,,,,,,,,,,,,
121,9:17:21,0.1,0.1,,,,,,,,,121,9:58:00,9:59:00,AM,1,,,,,,,,,,,,,,,,,,,,,,,,,,,,,,,,,,,,,
122,9:17:34,0.216666667,0.2167,,,,,,,,,122,9:58:00,9:59:00,AM,1,,,,,,,,,,,,,,,,,,,,,,,,,,,,,,,,,,,,,
123,9:17:48,0.233333333,0.2333,,,,,,,,,123,9:59:00,10:00:00,AM,1,,,,,,,,,,,,,,,,,,,,,,,,,,,,,,,,,,,,,
124,9:17:56,0.133333333,0.1333,,,,,,,,,124,9:59:00,10:00:00,AM,1,,,,,,,,,,,,,,,,,,,,,,,,,,,,,,,,,,,,,
125,9:18:19,0.383333333,0.3833,,,,,,,,,125,10:00:00,10:00:40,AM,0.67,,,,,,,,,,,,,,,,,,,,,,,,,,,,,,,,,,,,,
126,9:18:36,0.283333333,0.2833,,,,,,,,,126,10:00:50,10:02:00,AM,1.167,,,,,,,,,,,,,,,,,,,,,,,,,,,,,,,,,,,,,
127,9:18:54,0.3,0.3,,,,,,,,,127,10:01:00,10:02:00,AM,1,,,,,,,,,,,,,,,,,,,,,,,,,,,,,,,,,,,,,
128,9:19:12,0.3,0.3,,,,,,,,,128,10:02:00,10:04:00,AM,2,,,,,,,,,,,,,,,,,,,,,,,,,,,,,,,,,,,,,
129,9:19:24,0.2,0.2,,,,,,,,,129,10:02:00,10:04:00,AM,2,,,,,,,,,,,,,,,,,,,,,,,,,,,,,,,,,,,,,
130,9:19:36,0.2,0.2,,,,,,,,,130,10:04:00,10:04:50,AM,0.83,,,,,,,,,,,,,,,,,,,,,,,,,,,,,,,,,,,,,
131,9:19:42,0.1,0.1,,,,,,,,,131,10:04:00,10:06:00,AM,2,,,,,,,,,,,,,,,,,,,,,,,,,,,,,,,,,,,,,
132,9:19:55,0.216666667,0.2167,,,,,,,,,132,10:05:00,10:06:00,AM,1,,,,,,,,,,,,,,,,,,,,,,,,,,,,,,,,,,,,,
133,9:20:21,0.433333333,0.4333,,,,,,,,,133,10:06:00,10:07:00,AM,1,,,,,,,,,,,,,,,,,,,,,,,,,,,,,,,,,,,,,
134,9:20:37,0.266666667,0.2667,,,,,,,,,134,10:06:00,10:07:00,AM,1,,,,,,,,,,,,,,,,,,,,,,,,,,,,,,,,,,,,,
135,9:20:49,0.2,0.2,,,,,,,,,135,10:07:00,10:08:00,AM,1,,,,,,,,,,,,,,,,,,,,,,,,,,,,,,,,,,,,,
136,9:21:11,0.366666667,0.3667,,,,,,,,,136,10:07:00,10:08:00,AM,1,,,,,,,,,,,,,,,,,,,,,,,,,,,,,,,,,,,,,
137,9:21:25,0.233333333,0.2333,,,,,,,,,137,10:08:00,10:09:00,AM,1,,,,,,,,,,,,,,,,,,,,,,,,,,,,,,,,,,,,,
138,9:21:32,0.116666667,0.1167,,,,,,,,,138,10:08:00,10:09:00,AM,1,,,,,,,,,,,,,,,,,,,,,,,,,,,,,,,,,,,,,
139,9:21:44,0.2,0.2,,,,,,,,,139,10:09:00,10:12:00,AM,3,,,,,,,,,,,,,,,,,,,,,,,,,,,,,,,,,,,,,
140,9:21:58,0.233333333,0.2333,,,,,,,,,140,10:09:00,10:12:00,AM,3,,,,,,,,,,,,,,,,,,,,,,,,,,,,,,,,,,,,,
141,9:22:12,0.233333333,0.2333,,,,,,,,,141,10:12:00,10:13:00,AM,1,,,,,,,,,,,,,,,,,,,,,,,,,,,,,,,,,,,,,
142,9:22:19,0.116666667,0.1167,,,,,,,,,142,10:12:00,10:13:00,AM,1,,,,,,,,,,,,,,,,,,,,,,,,,,,,,,,,,,,,,
143,9:22:30,0.183333333,0.1833,,,,,,,,,143,10:13:00,10:14:00,AM,1,,,,,,,,,,,,,,,,,,,,,,,,,,,,,,,,,,,,,
144,9:22:40,0.166666667,0.1667,,,,,,,,,144,10:13:00,10:14:00,AM,1,,,,,,,,,,,,,,,,,,,,,,,,,,,,,,,,,,,,,
145,9:22:50,0.166666667,0.1667,,,,,,,,,145,10:14:00,10:15:00,AM,1,,,,,,,,,,,,,,,,,,,,,,,,,,,,,,,,,,,,,
146,9:22:54,0.066666667,0.0667,,,,,,,,,146,10:13:00,10:15:00,AM,2,,,,,,,,,,,,,,,,,,,,,,,,,,,,,,,,,,,,,
147,9:23:20,0.433333333,0.4333,,,,,,,,,147,10:13:00,10:14:00,AM,1,,,,,,,,,,,,,,,,,,,,,,,,,,,,,,,,,,,,,
148,9:23:28,0.133333333,0.1333,,,,,,,,,148,10:14:00,10:15:00,AM,1,,,,,,,,,,,,,,,,,,,,,,,,,,,,,,,,,,,,,
149,9:23:35,0.116666667,0.1167,,,,,,,,,149,10:13:00,10:15:00,AM,2,,,,,,,,,,,,,,,,,,,,,,,,,,,,,,,,,,,,,
150,9:23:38,0.05,0.05,,,,,,,,,150,10:14:00,10:15:00,AM,1,,,,,,,,,,,,,,,,,,,,,,,,,,,,,,,,,,,,,
151,9:23:42,0.066666667,0.0667,,,,,,,,,151,10:53:00,10:54:00,AM,1,,,,,,,,,,,,,,,,,,,,,,,,,,,,,,,,,,,,,
152,9:23:50,0.133333333,0.1333,,,,,,,,,152,10:53:00,10:55:00,AM,2,,,,,,,,,,,,,,,,,,,,,,,,,,,,,,,,,,,,,
153,9:23:59,0.15,0.15,,,,,,,,,153,10:54:00,10:56:00,AM,2,,,,,,,,,,,,,,,,,,,,,,,,,,,,,,,,,,,,,
154,9:24:08,0.15,0.15,,,,,,,,,154,10:55:00,10:56:00,AM,1,,,,,,,,,,,,,,,,,,,,,,,,,,,,,,,,,,,,,
155,9:24:18,0.166666667,0.1667,,,,,,,,,155,10:56:00,10:57:00,AM,1,,,,,,,,,,,,,,,,,,,,,,,,,,,,,,,,,,,,,
156,9:24:29,0.183333333,0.1833,,,,,,,,,156,10:56:00,10:57:00,AM,1,,,,,,,,,,,,,,,,,,,,,,,,,,,,,,,,,,,,,
157,9:24:38,0.15,0.15,,,,,,,,,157,10:57:00,10:58:00,AM,1,,,,,,,,,,,,,,,,,,,,,,,,,,,,,,,,,,,,,
158,9:24:50,0.2,0.2,,,,,,,,,158,10:58:00,10:59:00,AM,1,,,,,,,,,,,,,,,,,,,,,,,,,,,,,,,,,,,,,
159,9:25:12,0.366666667,0.3667,,,,,,,,,159,10:58:00,11:00:00,AM,2,,,,,,,,,,,,,,,,,,,,,,,,,,,,,,,,,,,,,
160,9:25:26,0.233333333,0.2333,,,,,,,,,160,10:59:00,11:01:00,AM,2,,,,,,,,,,,,,,,,,,,,,,,,,,,,,,,,,,,,,
161,9:25:35,0.15,0.15,,,,,,,,,161,11:00:00,11:00:30,AM,0.5,,,,,,,,,,,,,,,,,,,,,,,,,,,,,,,,,,,,,
162,9:25:48,0.216666667,0.2167,,,,,,,,,162,11:00:30,11:02:00,AM,1.5,,,,,,,,,,,,,,,,,,,,,,,,,,,,,,,,,,,,,
163,9:26:02,0.233333333,0.2333,,,,,,,,,163,11:01:00,11:03:00,AM,2,,,,,,,,,,,,,,,,,,,,,,,,,,,,,,,,,,,,,
164,9:26:12,0.166666667,0.1667,,,,,,,,,164,11:02:00,11:03:00,AM,1,,,,,,,,,,,,,,,,,,,,,,,,,,,,,,,,,,,,,
165,9:26:21,0.15,0.15,,,,,,,,,165,11:03:00,11:04:00,AM,1,,,,,,,,,,,,,,,,,,,,,,,,,,,,,,,,,,,,,
166,9:26:30,0.15,0.15,,,,,,,,,166,11:03:00,11:05:00,AM,2,,,,,,,,,,,,,,,,,,,,,,,,,,,,,,,,,,,,,
167,9:26:39,0.15,0.15,,,,,,,,,167,11:04:00,11:05:00,AM,1,,,,,,,,,,,,,,,,,,,,,,,,,,,,,,,,,,,,,
168,9:26:44,0.083333333,0.0833,,,,,,,,,168,11:05:00,11:06:00,AM,1,,,,,,,,,,,,,,,,,,,,,,,,,,,,,,,,,,,,,
169,9:26:57,0.216666667,0.2167,,,,,,,,,169,11:05:00,11:06:00,AM,1,,,,,,,,,,,,,,,,,,,,,,,,,,,,,,,,,,,,,
170,9:27:05,0.133333333,0.1333,,,,,,,,,170,11:06:00,11:07:00,AM,1,,,,,,,,,,,,,,,,,,,,,,,,,,,,,,,,,,,,,
171,9:27:12,0.116666667,0.1167,,,,,,,,,171,11:06:00,11:08:00,AM,2,,,,,,,,,,,,,,,,,,,,,,,,,,,,,,,,,,,,,
172,9:27:18,0.1,0.1,,,,,,,,,172,11:07:00,11:08:00,AM,1,,,,,,,,,,,,,,,,,,,,,,,,,,,,,,,,,,,,,
173,9:27:25,0.116666667,0.1167,,,,,,,,,173,11:08:00,11:09:00,AM,1,,,,,,,,,,,,,,,,,,,,,,,,,,,,,,,,,,,,,
174,9:27:30,0.083333333,0.0833,,,,,,,,,174,11:08:00,11:09:00,AM,1,,,,,,,,,,,,,,,,,,,,,,,,,,,,,,,,,,,,,
175,9:27:36,0.1,0.1,,,,,,,,,175,11:09:00,11:10:00,AM,1,,,,,,,,,,,,,,,,,,,,,,,,,,,,,,,,,,,,,
176,9:27:40,0.066666667,0.0667,,,,,,,,,176,11:09:00,11:10:00,AM,1,,,,,,,,,,,,,,,,,,,,,,,,,,,,,,,,,,,,,
177,9:27:46,0.1,0.1,,,,,,,,,177,11:10:00,11:11:00,AM,1,,,,,,,,,,,,,,,,,,,,,,,,,,,,,,,,,,,,,
178,9:27:50,0.066666667,0.0667,,,,,,,,,178,11:10:00,11:12:00,AM,2,,,,,,,,,,,,,,,,,,,,,,,,,,,,,,,,,,,,,
179,9:27:58,0.133333333,0.1333,,,,,,,,,179,11:11:00,11:12:00,AM,1,,,,,,,,,,,,,,,,,,,,,,,,,,,,,,,,,,,,,
180,9:28:12,0.233333333,0.2333,,,,,,,,,180,11:12:00,11:13:00,AM,1,,,,,,,,,,,,,,,,,,,,,,,,,,,,,,,,,,,,,
181,9:28:17,0.083333333,0.0833,,,,,,,,,181,11:12:00,11:13:00,AM,1,,,,,,,,,,,,,,,,,,,,,,,,,,,,,,,,,,,,,
182,9:28:24,0.116666667,0.1167,,,,,,,,,182,11:13:00,11:15:00,AM,2,,,,,,,,,,,,,,,,,,,,,,,,,,,,,,,,,,,,,
183,9:28:29,0.083333333,0.0833,,,,,,,,,183,11:13:00,11:15:00,AM,2,,,,,,,,,,,,,,,,,,,,,,,,,,,,,,,,,,,,,
184,9:28:35,0.1,0.1,,,,,,,,,184,11:15:00,11:16:00,AM,1,,,,,,,,,,,,,,,,,,,,,,,,,,,,,,,,,,,,,
185,9:28:40,0.083333333,0.0833,,,,,,,,,185,11:15:00,11:16:00,AM,1,,,,,,,,,,,,,,,,,,,,,,,,,,,,,,,,,,,,,
186,9:28:46,0.1,0.1,,,,,,,,,186,11:16:00,11:17:00,AM,1,,,,,,,,,,,,,,,,,,,,,,,,,,,,,,,,,,,,,
187,9:28:57,0.183333333,0.1833,,,,,,,,,187,11:16:00,11:17:00,AM,1,,,,,,,,,,,,,,,,,,,,,,,,,,,,,,,,,,,,,
188,9:29:09,0.2,0.2,,,,,,,,,188,11:17:00,11:18:00,AM,1,,,,,,,,,,,,,,,,,,,,,,,,,,,,,,,,,,,,,
189,9:29:17,0.133333333,0.1333,,,,,,,,,189,11:17:00,11:18:00,AM,1,,,,,,,,,,,,,,,,,,,,,,,,,,,,,,,,,,,,,
190,9:29:26,0.15,0.15,,,,,,,,,190,11:18:00,11:19:00,AM,1,,,,,,,,,,,,,,,,,,,,,,,,,,,,,,,,,,,,,
191,9:29:33,0.116666667,0.1167,,,,,,,,,191,11:18:00,11:19:00,AM,1,,,,,,,,,,,,,,,,,,,,,,,,,,,,,,,,,,,,,
192,9:29:41,0.133333333,0.1333,,,,,,,,,192,11:19:00,11:20:00,AM,1,,,,,,,,,,,,,,,,,,,,,,,,,,,,,,,,,,,,,
193,9:29:53,0.2,0.2,,,,,,,,,193,11:19:00,11:21:00,AM,2,,,,,,,,,,,,,,,,,,,,,,,,,,,,,,,,,,,,,
194,9:30:10,0.283333333,0.2833,,,,,,,,,194,11:20:00,11:22:00,AM,2,,,,,,,,,,,,,,,,,,,,,,,,,,,,,,,,,,,,,
195,9:30:18,0.133333333,0.1333,,,,,,,,,195,11:21:00,11:22:00,AM,1,,,,,,,,,,,,,,,,,,,,,,,,,,,,,,,,,,,,,
196,9:30:21,0.05,0.05,,,,,,,,,196,11:22:00,11:23:00,AM,1,,,,,,,,,,,,,,,,,,,,,,,,,,,,,,,,,,,,,
197,9:30:26,0.083333333,0.0833,,,,,,,,,197,11:22:00,11:24:00,AM,2,,,,,,,,,,,,,,,,,,,,,,,,,,,,,,,,,,,,,
198,9:30:30,0.066666667,0.0667,,,,,,,,,198,11:23:00,11:25:00,AM,2,,,,,,,,,,,,,,,,,,,,,,,,,,,,,,,,,,,,,
199,9:30:35,0.083333333,0.0833,,,,,,,,,199,11:24:00,11:26:00,AM,2,,,,,,,,,,,,,,,,,,,,,,,,,,,,,,,,,,,,,
200,9:30:39,0.066666667,0.0667,,,,,,,,,200,11:26:00,11:28:00,AM,2,,,,,,,,,,,,,,,,,,,,,,,,,,,,,,,,,,,,,
201,9:30:42,0.05,0.05,,,,,,,,,201,11:27:00,11:28:00,AM,1,,,,,,,,,,,,,,,,,,,,,,,,,,,,,,,,,,,,,
202,9:30:48,0.1,0.1,,,,,,,,,202,11:28:00,11:29:00,AM,1,,,,,,,,,,,,,,,,,,,,,,,,,,,,,,,,,,,,,
203,9:30:51,0.05,0.05,,,,,,,,,203,11:29:00,11:30:00,AM,1,,,,,,,,,,,,,,,,,,,,,,,,,,,,,,,,,,,,,
204,9:30:57,0.1,0.1,,,,,,,,,204,11:29:30,11:30:00,AM,0.5,,,,,,,,,,,,,,,,,,,,,,,,,,,,,,,,,,,,,
205,9:31:18,0.35,0.35,,,,,,,,,205,12:30:00,12:31:00,PM,1,,,,,,,,,,,,,,,,,,,,,,,,,,,,,,,,,,,,,
206,9:31:26,0.133333333,0.1333,,,,,,,,,206,12:30:00,12:32:00,PM,2,,,,,,,,,,,,,,,,,,,,,,,,,,,,,,,,,,,,,
207,9:31:33,0.116666667,0.1167,,,,,,,,,207,12:31:00,12:33:00,PM,2,,,,,,,,,,,,,,,,,,,,,,,,,,,,,,,,,,,,,
208,9:31:50,0.283333333,0.2833,,,,,,,,,208,12:32:00,12:33:00,PM,1,,,,,,,,,,,,,,,,,,,,,,,,,,,,,,,,,,,,,
209,9:32:16,0.433333333,0.4333,,,,,,,,,209,12:33:00,12:34:00,PM,1,,,,,,,,,,,,,,,,,,,,,,,,,,,,,,,,,,,,,
210,9:32:24,0.133333333,0.1333,,,,,,,,,210,12:33:00,12:35:00,PM,2,,,,,,,,,,,,,,,,,,,,,,,,,,,,,,,,,,,,,
211,9:32:36,0.2,0.2,,,,,,,,,211,12:34:00,12:35:00,PM,1,,,,,,,,,,,,,,,,,,,,,,,,,,,,,,,,,,,,,
212,9:32:52,0.266666667,0.2667,,,,,,,,,212,12:35:00,12:37:00,PM,2,,,,,,,,,,,,,,,,,,,,,,,,,,,,,,,,,,,,,
213,9:33:09,0.283333333,0.2833,,,,,,,,,213,12:35:00,12:37:00,PM,2,,,,,,,,,,,,,,,,,,,,,,,,,,,,,,,,,,,,,
214,9:33:15,0.1,0.1,,,,,,,,,214,12:37:00,12:38:00,PM,1,,,,,,,,,,,,,,,,,,,,,,,,,,,,,,,,,,,,,
215,9:33:20,0.083333333,0.0833,,,,,,,,,215,12:38:00,12:39:00,PM,1,,,,,,,,,,,,,,,,,,,,,,,,,,,,,,,,,,,,,
216,9:33:28,0.133333333,0.1333,,,,,,,,,216,12:39:00,12:40:00,PM,1,,,,,,,,,,,,,,,,,,,,,,,,,,,,,,,,,,,,,
217,9:33:35,0.116666667,0.1167,,,,,,,,,217,12:40:00,12:41:00,PM,1,,,,,,,,,,,,,,,,,,,,,,,,,,,,,,,,,,,,,
218,9:33:43,0.133333333,0.1333,,,,,,,,,218,12:40:00,12:42:00,PM,2,,,,,,,,,,,,,,,,,,,,,,,,,,,,,,,,,,,,,
219,9:33:57,0.233333333,0.2333,,,,,,,,,219,12:41:00,12:42:00,PM,1,,,,,,,,,,,,,,,,,,,,,,,,,,,,,,,,,,,,,
220,9:34:07,0.166666667,0.1667,,,,,,,,,220,12:42:00,12:43:00,PM,1,,,,,,,,,,,,,,,,,,,,,,,,,,,,,,,,,,,,,
221,9:34:16,0.15,0.15,,,,,,,,,221,12:42:00,12:44:00,PM,2,,,,,,,,,,,,,,,,,,,,,,,,,,,,,,,,,,,,,
222,9:34:22,0.1,0.1,,,,,,,,,222,12:43:00,12:45:00,PM,2,,,,,,,,,,,,,,,,,,,,,,,,,,,,,,,,,,,,,
223,9:34:26,0.066666667,0.0667,,,,,,,,,223,12:44:00,12:45:00,PM,1,,,,,,,,,,,,,,,,,,,,,,,,,,,,,,,,,,,,,
224,9:34:30,0.066666667,0.0667,,,,,,,,,224,12:44:30,12:45:00,PM,0.5,,,,,,,,,,,,,,,,,,,,,,,,,,,,,,,,,,,,,
225,9:34:39,0.15,0.15,,,,,,,,,225,12:45:00,12:46:00,PM,1,,,,,,,,,,,,,,,,,,,,,,,,,,,,,,,,,,,,,
226,9:34:47,0.133333333,0.1333,,,,,,,,,226,12:45:00,12:46:00,PM,1,,,,,,,,,,,,,,,,,,,,,,,,,,,,,,,,,,,,,
227,9:34:58,0.183333333,0.1833,,,,,,,,,227,12:46:00,12:47:00,PM,1,,,,,,,,,,,,,,,,,,,,,,,,,,,,,,,,,,,,,
228,9:35:17,0.316666667,0.3167,,,,,,,,,228,12:46:00,12:48:00,PM,2,,,,,,,,,,,,,,,,,,,,,,,,,,,,,,,,,,,,,
229,9:35:28,0.183333333,0.1833,,,,,,,,,229,12:47:00,12:49:00,PM,2,,,,,,,,,,,,,,,,,,,,,,,,,,,,,,,,,,,,,
230,9:35:39,0.183333333,0.1833,,,,,,,,,230,12:48:00,12:49:00,PM,1,,,,,,,,,,,,,,,,,,,,,,,,,,,,,,,,,,,,,
231,9:35:47,0.133333333,0.1333,,,,,,,,,231,12:50:00,12:51:00,PM,1,,,,,,,,,,,,,,,,,,,,,,,,,,,,,,,,,,,,,
232,9:36:05,0.3,0.3,,,,,,,,,232,12:50:00,12:51:00,PM,1,,,,,,,,,,,,,,,,,,,,,,,,,,,,,,,,,,,,,
233,9:36:11,0.1,0.1,,,,,,,,,233,12:51:00,12:52:00,PM,1,,,,,,,,,,,,,,,,,,,,,,,,,,,,,,,,,,,,,
234,9:36:20,0.15,0.15,,,,,,,,,234,12:51:00,12:53:00,PM,2,,,,,,,,,,,,,,,,,,,,,,,,,,,,,,,,,,,,,
235,9:36:29,0.15,0.15,,,,,,,,,235,12:52:00,12:55:00,PM,3,,,,,,,,,,,,,,,,,,,,,,,,,,,,,,,,,,,,,
236,9:36:36,0.116666667,0.1167,,,,,,,,,236,12:53:00,12:54:00,PM,1,,,,,,,,,,,,,,,,,,,,,,,,,,,,,,,,,,,,,
237,9:36:40,0.066666667,0.0667,,,,,,,,,237,12:55:00,12:56:00,PM,1,,,,,,,,,,,,,,,,,,,,,,,,,,,,,,,,,,,,,
238,9:36:49,0.15,0.15,,,,,,,,,238,12:54:00,12:56:00,PM,2,,,,,,,,,,,,,,,,,,,,,,,,,,,,,,,,,,,,,
239,9:36:56,0.116666667,0.1167,,,,,,,,,239,12:56:00,12:57:00,PM,1,,,,,,,,,,,,,,,,,,,,,,,,,,,,,,,,,,,,,
240,9:37:12,0.266666667,0.2667,,,,,,,,,240,12:56:00,12:58:00,PM,2,,,,,,,,,,,,,,,,,,,,,,,,,,,,,,,,,,,,,
241,9:37:20,0.133333333,0.1333,,,,,,,,,241,12:57:00,12:59:00,PM,2,,,,,,,,,,,,,,,,,,,,,,,,,,,,,,,,,,,,,
242,9:37:26,0.1,0.1,,,,,,,,,242,12:58:00,13:00:00,PM,2,,,,,,,,,,,,,,,,,,,,,,,,,,,,,,,,,,,,,
243,9:37:30,0.066666667,0.0667,,,,,,,,,243,13:00:00,13:01:00,PM,1,,,,,,,,,,,,,,,,,,,,,,,,,,,,,,,,,,,,,
244,9:37:34,0.066666667,0.0667,,,,,,,,,244,13:00:00,13:02:00,PM,2,,,,,,,,,,,,,,,,,,,,,,,,,,,,,,,,,,,,,
245,9:37:39,0.083333333,0.0833,,,,,,,,,245,13:01:00,13:03:00,PM,2,,,,,,,,,,,,,,,,,,,,,,,,,,,,,,,,,,,,,
246,9:37:43,0.066666667,0.0667,,,,,,,,,246,13:02:00,13:03:00,PM,1,,,,,,,,,,,,,,,,,,,,,,,,,,,,,,,,,,,,,
247,9:37:49,0.1,0.1,,,,,,,,,247,13:03:00,13:04:00,PM,1,,,,,,,,,,,,,,,,,,,,,,,,,,,,,,,,,,,,,
248,9:37:51,0.033333333,0.0333,,,,,,,,,248,13:03:00,13:05:00,PM,2,,,,,,,,,,,,,,,,,,,,,,,,,,,,,,,,,,,,,
249,9:37:59,0.133333333,0.1333,,,,,,,,,249,13:04:00,13:06:00,PM,2,,,,,,,,,,,,,,,,,,,,,,,,,,,,,,,,,,,,,
250,9:38:13,0.233333333,0.2333,,,,,,,,,250,13:05:00,13:06:00,PM,1,,,,,,,,,,,,,,,,,,,,,,,,,,,,,,,,,,,,,
251,9:38:20,0.116666667,0.1167,,,,,,,,,251,13:06:00,13:07:00,PM,1,,,,,,,,,,,,,,,,,,,,,,,,,,,,,,,,,,,,,
252,9:38:30,0.166666667,0.1667,,,,,,,,,252,13:06:00,13:08:00,PM,2,,,,,,,,,,,,,,,,,,,,,,,,,,,,,,,,,,,,,
253,9:38:43,0.216666667,0.2167,,,,,,,,,253,13:07:00,13:09:00,PM,2,,,,,,,,,,,,,,,,,,,,,,,,,,,,,,,,,,,,,
254,9:38:49,0.1,0.1,,,,,,,,,254,13:08:00,13:09:00,PM,1,,,,,,,,,,,,,,,,,,,,,,,,,,,,,,,,,,,,,
255,9:38:51,0.033333333,0.0333,,,,,,,,,255,13:09:00,13:09:40,PM,0.67,,,,,,,,,,,,,,,,,,,,,,,,,,,,,,,,,,,,,
256,9:38:59,0.133333333,0.1333,,,,,,,,,256,13:09:50,13:11:00,PM,1.167,,,,,,,,,,,,,,,,,,,,,,,,,,,,,,,,,,,,,
257,9:39:10,0.183333333,0.1833,,,,,,,,,257,13:09:00,13:10:00,PM,1,,,,,,,,,,,,,,,,,,,,,,,,,,,,,,,,,,,,,
258,9:39:17,0.116666667,0.1167,,,,,,,,,258,13:11:00,13:12:00,PM,1,,,,,,,,,,,,,,,,,,,,,,,,,,,,,,,,,,,,,
259,9:39:23,0.1,0.1,,,,,,,,,259,13:10:00,13:12:00,PM,2,,,,,,,,,,,,,,,,,,,,,,,,,,,,,,,,,,,,,
260,9:39:29,0.1,0.1,,,,,,,,,260,13:12:00,13:13:00,PM,1,,,,,,,,,,,,,,,,,,,,,,,,,,,,,,,,,,,,,
261,9:39:35,0.1,0.1,,,,,,,,,261,13:13:00,13:14:00,PM,1,,,,,,,,,,,,,,,,,,,,,,,,,,,,,,,,,,,,,
262,9:39:40,0.083333333,0.0833,,,,,,,,,262,13:14:00,13:15:00,PM,1,,,,,,,,,,,,,,,,,,,,,,,,,,,,,,,,,,,,,
263,9:39:47,0.116666667,0.1167,,,,,,,,,263,13:14:30,13:15:00,PM,0.5,,,,,,,,,,,,,,,,,,,,,,,,,,,,,,,,,,,,,
264,9:39:54,0.116666667,0.1167,,,,,,,,,,,,,,,,,,,,,,,,,,,,,,,,,,,,,,,,,,,,,,,,,,
265,9:40:10,0.266666667,0.2667,,,,,,,,,,,,,,,,,,,,,,,,,,,,,,,,,,,,,,,,,,,,,,,,,,
266,9:40:17,0.116666667,0.1167,,,,,,,,,,,,,,,,,,,,,,,,,,,,,,,,,,,,,,,,,,,,,,,,,,
267,9:40:26,0.15,0.15,,,,,,,,,,,,,,,,,,,,,,,,,,,,,,,,,,,,,,,,,,,,,,,,,,
268,9:40:36,0.166666667,0.1667,,,,,,,,,,,,,,,,,,,,,,,,,,,,,,,,,,,,,,,,,,,,,,,,,,
269,9:40:47,0.183333333,0.1833,,,,,,,,,,,,,,,,,,,,,,,,,,,,,,,,,,,,,,,,,,,,,,,,,,
270,9:40:56,0.15,0.15,,,,,,,,,,,,,,,,,,,,,,,,,,,,,,,,,,,,,,,,,,,,,,,,,,
271,9:41:07,0.183333333,0.1833,,,,,,,,,,,,,,,,,,,,,,,,,,,,,,,,,,,,,,,,,,,,,,,,,,
272,9:41:12,0.083333333,0.0833,,,,,,,,,,,,,,,,,,,,,,,,,,,,,,,,,,,,,,,,,,,,,,,,,,
273,9:41:19,0.116666667,0.1167,,,,,,,,,,,,,,,,,,,,,,,,,,,,,,,,,,,,,,,,,,,,,,,,,,
274,9:41:24,0.083333333,0.0833,,,,,,,,,,,,,,,,,,,,,,,,,,,,,,,,,,,,,,,,,,,,,,,,,,
275,9:41:30,0.1,0.1,,,,,,,,,,,,,,,,,,,,,,,,,,,,,,,,,,,,,,,,,,,,,,,,,,
276,9:41:37,0.116666667,0.1167,,,,,,,,,,,,,,,,,,,,,,,,,,,,,,,,,,,,,,,,,,,,,,,,,,
277,9:41:43,0.1,0.1,,,,,,,,,,,,,,,,,,,,,,,,,,,,,,,,,,,,,,,,,,,,,,,,,,
278,9:41:49,0.1,0.1,,,,,,,,,,,,,,,,,,,,,,,,,,,,,,,,,,,,,,,,,,,,,,,,,,
279,9:41:58,0.15,0.15,,,,,,,,,,,,,,,,,,,,,,,,,,,,,,,,,,,,,,,,,,,,,,,,,,
280,9:42:04,0.1,0.1,,,,,,,,,,,,,,,,,,,,,,,,,,,,,,,,,,,,,,,,,,,,,,,,,,
281,9:42:10,0.1,0.1,,,,,,,,,,,,,,,,,,,,,,,,,,,,,,,,,,,,,,,,,,,,,,,,,,
282,9:42:16,0.1,0.1,,,,,,,,,,,,,,,,,,,,,,,,,,,,,,,,,,,,,,,,,,,,,,,,,,
283,9:42:20,0.066666667,0.0667,,,,,,,,,,,,,,,,,,,,,,,,,,,,,,,,,,,,,,,,,,,,,,,,,,
284,9:42:24,0.066666667,0.0667,,,,,,,,,,,,,,,,,,,,,,,,,,,,,,,,,,,,,,,,,,,,,,,,,,
285,9:42:29,0.083333333,0.0833,,,,,,,,,,,,,,,,,,,,,,,,,,,,,,,,,,,,,,,,,,,,,,,,,,
286,9:42:32,0.05,0.05,,,,,,,,,,,,,,,,,,,,,,,,,,,,,,,,,,,,,,,,,,,,,,,,,,
287,9:42:39,0.116666667,0.1167,,,,,,,,,,,,,,,,,,,,,,,,,,,,,,,,,,,,,,,,,,,,,,,,,,
288,9:42:46,0.116666667,0.1167,,,,,,,,,,,,,,,,,,,,,,,,,,,,,,,,,,,,,,,,,,,,,,,,,,
289,9:42:58,0.2,0.2,,,,,,,,,,,,,,,,,,,,,,,,,,,,,,,,,,,,,,,,,,,,,,,,,,
290,9:43:17,0.316666667,0.3167,,,,,,,,,,,,,,,,,,,,,,,,,,,,,,,,,,,,,,,,,,,,,,,,,,
291,9:43:24,0.116666667,0.1167,,,,,,,,,,,,,,,,,,,,,,,,,,,,,,,,,,,,,,,,,,,,,,,,,,
292,9:43:35,0.183333333,0.1833,,,,,,,,,,,,,,,,,,,,,,,,,,,,,,,,,,,,,,,,,,,,,,,,,,
293,9:43:43,0.133333333,0.1333,,,,,,,,,,,,,,,,,,,,,,,,,,,,,,,,,,,,,,,,,,,,,,,,,,
294,9:43:52,0.15,0.15,,,,,,,,,,,,,,,,,,,,,,,,,,,,,,,,,,,,,,,,,,,,,,,,,,
295,9:44:12,0.333333333,0.3333,,,,,,,,,,,,,,,,,,,,,,,,,,,,,,,,,,,,,,,,,,,,,,,,,,
296,9:44:20,0.133333333,0.1333,,,,,,,,,,,,,,,,,,,,,,,,,,,,,,,,,,,,,,,,,,,,,,,,,,
297,9:44:24,0.066666667,0.0667,,,,,,,,,,,,,,,,,,,,,,,,,,,,,,,,,,,,,,,,,,,,,,,,,,
298,9:44:30,0.1,0.1,,,,,,,,,,,,,,,,,,,,,,,,,,,,,,,,,,,,,,,,,,,,,,,,,,
299,9:44:34,0.066666667,0.0667,,,,,,,,,,,,,,,,,,,,,,,,,,,,,,,,,,,,,,,,,,,,,,,,,,
300,9:44:44,0.166666667,0.1667,,,,,,,,,,,,,,,,,,,,,,,,,,,,,,,,,,,,,,,,,,,,,,,,,,
301,9:45:03,0.316666667,0.3167,,,,,,,,,,,,,,,,,,,,,,,,,,,,,,,,,,,,,,,,,,,,,,,,,,
302,9:45:10,0.116666667,0.1167,,,,,,,,,,,,,,,,,,,,,,,,,,,,,,,,,,,,,,,,,,,,,,,,,,
303,9:45:17,0.116666667,0.1167,,,,,,,,,,,,,,,,,,,,,,,,,,,,,,,,,,,,,,,,,,,,,,,,,,
304,9:45:22,0.083333333,0.0833,,,,,,,,,,,,,,,,,,,,,,,,,,,,,,,,,,,,,,,,,,,,,,,,,,
305,9:45:30,0.133333333,0.1333,,,,,,,,,,,,,,,,,,,,,,,,,,,,,,,,,,,,,,,,,,,,,,,,,,
306,9:45:36,0.1,0.1,,,,,,,,,,,,,,,,,,,,,,,,,,,,,,,,,,,,,,,,,,,,,,,,,,
307,9:45:49,0.216666667,0.2167,,,,,,,,,,,,,,,,,,,,,,,,,,,,,,,,,,,,,,,,,,,,,,,,,,
308,9:45:59,0.166666667,0.1667,,,,,,,,,,,,,,,,,,,,,,,,,,,,,,,,,,,,,,,,,,,,,,,,,,
309,9:46:12,0.216666667,0.2167,,,,,,,,,,,,,,,,,,,,,,,,,,,,,,,,,,,,,,,,,,,,,,,,,,
310,9:46:19,0.116666667,0.1167,,,,,,,,,,,,,,,,,,,,,,,,,,,,,,,,,,,,,,,,,,,,,,,,,,
311,9:46:25,0.1,0.1,,,,,,,,,,,,,,,,,,,,,,,,,,,,,,,,,,,,,,,,,,,,,,,,,,
312,9:46:39,0.233333333,0.2333,,,,,,,,,,,,,,,,,,,,,,,,,,,,,,,,,,,,,,,,,,,,,,,,,,
313,9:46:43,0.066666667,0.0667,,,,,,,,,,,,,,,,,,,,,,,,,,,,,,,,,,,,,,,,,,,,,,,,,,
314,9:46:51,0.133333333,0.1333,,,,,,,,,,,,,,,,,,,,,,,,,,,,,,,,,,,,,,,,,,,,,,,,,,
315,9:47:07,0.266666667,0.2667,,,,,,,,,,,,,,,,,,,,,,,,,,,,,,,,,,,,,,,,,,,,,,,,,,
316,9:47:12,0.083333333,0.0833,,,,,,,,,,,,,,,,,,,,,,,,,,,,,,,,,,,,,,,,,,,,,,,,,,
317,9:47:19,0.116666667,0.1167,,,,,,,,,,,,,,,,,,,,,,,,,,,,,,,,,,,,,,,,,,,,,,,,,,
318,9:47:24,0.083333333,0.0833,,,,,,,,,,,,,,,,,,,,,,,,,,,,,,,,,,,,,,,,,,,,,,,,,,
319,9:47:30,0.1,0.1,,,,,,,,,,,,,,,,,,,,,,,,,,,,,,,,,,,,,,,,,,,,,,,,,,
320,9:47:37,0.116666667,0.1167,,,,,,,,,,,,,,,,,,,,,,,,,,,,,,,,,,,,,,,,,,,,,,,,,,
321,9:47:43,0.1,0.1,,,,,,,,,,,,,,,,,,,,,,,,,,,,,,,,,,,,,,,,,,,,,,,,,,
322,9:47:52,0.15,0.15,,,,,,,,,,,,,,,,,,,,,,,,,,,,,,,,,,,,,,,,,,,,,,,,,,
323,9:48:16,0.4,0.4,,,,,,,,,,,,,,,,,,,,,,,,,,,,,,,,,,,,,,,,,,,,,,,,,,
324,9:48:22,0.1,0.1,,,,,,,,,,,,,,,,,,,,,,,,,,,,,,,,,,,,,,,,,,,,,,,,,,
325,9:48:30,0.133333333,0.1333,,,,,,,,,,,,,,,,,,,,,,,,,,,,,,,,,,,,,,,,,,,,,,,,,,
326,9:48:50,0.333333333,0.3333,,,,,,,,,,,,,,,,,,,,,,,,,,,,,,,,,,,,,,,,,,,,,,,,,,
327,9:48:59,0.15,0.15,,,,,,,,,,,,,,,,,,,,,,,,,,,,,,,,,,,,,,,,,,,,,,,,,,
328,9:50:10,1.183333333,1.1833,,,,,,,,,,,,,,,,,,,,,,,,,,,,,,,,,,,,,,,,,,,,,,,,,,
329,9:50:19,0.15,0.15,,,,,,,,,,,,,,,,,,,,,,,,,,,,,,,,,,,,,,,,,,,,,,,,,,
330,9:50:27,0.133333333,0.1333,,,,,,,,,,,,,,,,,,,,,,,,,,,,,,,,,,,,,,,,,,,,,,,,,,
331,9:50:37,0.166666667,0.1667,,,,,,,,,,,,,,,,,,,,,,,,,,,,,,,,,,,,,,,,,,,,,,,,,,
332,9:50:49,0.2,0.2,,,,,,,,,,,,,,,,,,,,,,,,,,,,,,,,,,,,,,,,,,,,,,,,,,
333,9:51:02,0.216666667,0.2167,,,,,,,,,,,,,,,,,,,,,,,,,,,,,,,,,,,,,,,,,,,,,,,,,,
334,9:51:10,0.133333333,0.1333,,,,,,,,,,,,,,,,,,,,,,,,,,,,,,,,,,,,,,,,,,,,,,,,,,
335,9:51:22,0.2,0.2,,,,,,,,,,,,,,,,,,,,,,,,,,,,,,,,,,,,,,,,,,,,,,,,,,
336,9:51:34,0.2,0.2,,,,,,,,,,,,,,,,,,,,,,,,,,,,,,,,,,,,,,,,,,,,,,,,,,
337,9:51:40,0.1,0.1,,,,,,,,,,,,,,,,,,,,,,,,,,,,,,,,,,,,,,,,,,,,,,,,,,
338,9:51:51,0.183333333,0.1833,,,,,,,,,,,,,,,,,,,,,,,,,,,,,,,,,,,,,,,,,,,,,,,,,,
339,9:52:13,0.366666667,0.3667,,,,,,,,,,,,,,,,,,,,,,,,,,,,,,,,,,,,,,,,,,,,,,,,,,
340,9:52:26,0.216666667,0.2167,,,,,,,,,,,,,,,,,,,,,,,,,,,,,,,,,,,,,,,,,,,,,,,,,,
341,9:52:33,0.116666667,0.1167,,,,,,,,,,,,,,,,,,,,,,,,,,,,,,,,,,,,,,,,,,,,,,,,,,
342,9:52:42,0.15,0.15,,,,,,,,,,,,,,,,,,,,,,,,,,,,,,,,,,,,,,,,,,,,,,,,,,
343,9:52:50,0.133333333,0.1333,,,,,,,,,,,,,,,,,,,,,,,,,,,,,,,,,,,,,,,,,,,,,,,,,,
344,9:52:58,0.133333333,0.1333,,,,,,,,,,,,,,,,,,,,,,,,,,,,,,,,,,,,,,,,,,,,,,,,,,
345,9:53:26,0.466666667,0.4667,,,,,,,,,,,,,,,,,,,,,,,,,,,,,,,,,,,,,,,,,,,,,,,,,,
346,9:53:53,0.45,0.45,,,,,,,,,,,,,,,,,,,,,,,,,,,,,,,,,,,,,,,,,,,,,,,,,,
347,9:54:10,0.283333333,0.2833,,,,,,,,,,,,,,,,,,,,,,,,,,,,,,,,,,,,,,,,,,,,,,,,,,
348,9:54:21,0.183333333,0.1833,,,,,,,,,,,,,,,,,,,,,,,,,,,,,,,,,,,,,,,,,,,,,,,,,,
349,9:54:44,0.383333333,0.3833,,,,,,,,,,,,,,,,,,,,,,,,,,,,,,,,,,,,,,,,,,,,,,,,,,
350,9:54:58,0.233333333,0.2333,,,,,,,,,,,,,,,,,,,,,,,,,,,,,,,,,,,,,,,,,,,,,,,,,,
351,9:55:12,0.233333333,0.2333,,,,,,,,,,,,,,,,,,,,,,,,,,,,,,,,,,,,,,,,,,,,,,,,,,
352,9:55:20,0.133333333,0.1333,,,,,,,,,,,,,,,,,,,,,,,,,,,,,,,,,,,,,,,,,,,,,,,,,,
353,9:55:31,0.183333333,0.1833,,,,,,,,,,,,,,,,,,,,,,,,,,,,,,,,,,,,,,,,,,,,,,,,,,
354,9:55:43,0.2,0.2,,,,,,,,,,,,,,,,,,,,,,,,,,,,,,,,,,,,,,,,,,,,,,,,,,
355,9:55:56,0.216666667,0.2167,,,,,,,,,,,,,,,,,,,,,,,,,,,,,,,,,,,,,,,,,,,,,,,,,,
356,9:56:08,0.2,0.2,,,,,,,,,,,,,,,,,,,,,,,,,,,,,,,,,,,,,,,,,,,,,,,,,,
357,9:56:17,0.15,0.15,,,,,,,,,,,,,,,,,,,,,,,,,,,,,,,,,,,,,,,,,,,,,,,,,,
358,9:56:29,0.2,0.2,,,,,,,,,,,,,,,,,,,,,,,,,,,,,,,,,,,,,,,,,,,,,,,,,,
359,9:56:41,0.2,0.2,,,,,,,,,,,,,,,,,,,,,,,,,,,,,,,,,,,,,,,,,,,,,,,,,,
360,9:56:56,0.25,0.25,,,,,,,,,,,,,,,,,,,,,,,,,,,,,,,,,,,,,,,,,,,,,,,,,,
361,9:57:13,0.283333333,0.2833,,,,,,,,,,,,,,,,,,,,,,,,,,,,,,,,,,,,,,,,,,,,,,,,,,
362,9:57:20,0.116666667,0.1167,,,,,,,,,,,,,,,,,,,,,,,,,,,,,,,,,,,,,,,,,,,,,,,,,,
363,9:57:33,0.216666667,0.2167,,,,,,,,,,,,,,,,,,,,,,,,,,,,,,,,,,,,,,,,,,,,,,,,,,
364,9:57:47,0.233333333,0.2333,,,,,,,,,,,,,,,,,,,,,,,,,,,,,,,,,,,,,,,,,,,,,,,,,,
365,9:57:57,0.166666667,0.1667,,,,,,,,,,,,,,,,,,,,,,,,,,,,,,,,,,,,,,,,,,,,,,,,,,
366,9:58:09,0.2,0.2,,,,,,,,,,,,,,,,,,,,,,,,,,,,,,,,,,,,,,,,,,,,,,,,,,
367,9:58:16,0.116666667,0.1167,,,,,,,,,,,,,,,,,,,,,,,,,,,,,,,,,,,,,,,,,,,,,,,,,,
368,9:58:30,0.233333333,0.2333,,,,,,,,,,,,,,,,,,,,,,,,,,,,,,,,,,,,,,,,,,,,,,,,,,
369,9:58:41,0.183333333,0.1833,,,,,,,,,,,,,,,,,,,,,,,,,,,,,,,,,,,,,,,,,,,,,,,,,,
370,9:58:49,0.133333333,0.1333,,,,,,,,,,,,,,,,,,,,,,,,,,,,,,,,,,,,,,,,,,,,,,,,,,
371,9:58:51,0.033333333,0.0333,,,,,,,,,,,,,,,,,,,,,,,,,,,,,,,,,,,,,,,,,,,,,,,,,,
372,9:58:59,0.133333333,0.1333,,,,,,,,,,,,,,,,,,,,,,,,,,,,,,,,,,,,,,,,,,,,,,,,,,
373,9:59:10,0.183333333,0.1833,,,,,,,,,,,,,,,,,,,,,,,,,,,,,,,,,,,,,,,,,,,,,,,,,,
374,9:59:17,0.116666667,0.1167,,,,,,,,,,,,,,,,,,,,,,,,,,,,,,,,,,,,,,,,,,,,,,,,,,
375,9:59:25,0.133333333,0.1333,,,,,,,,,,,,,,,,,,,,,,,,,,,,,,,,,,,,,,,,,,,,,,,,,,
376,9:59:33,0.133333333,0.1333,,,,,,,,,,,,,,,,,,,,,,,,,,,,,,,,,,,,,,,,,,,,,,,,,,
377,9:59:49,0.266666667,0.2667,,,,,,,,,,,,,,,,,,,,,,,,,,,,,,,,,,,,,,,,,,,,,,,,,,
378,10:00:05,0.266666667,0.2667,,,,,,,,,,,,,,,,,,,,,,,,,,,,,,,,,,,,,,,,,,,,,,,,,,
379,10:00:19,0.233333333,0.2333,,,,,,,,,,,,,,,,,,,,,,,,,,,,,,,,,,,,,,,,,,,,,,,,,,
380,10:00:27,0.133333333,0.1333,,,,,,,,,,,,,,,,,,,,,,,,,,,,,,,,,,,,,,,,,,,,,,,,,,
381,10:02:11,1.733333333,1.7333,,,,,,,,,,,,,,,,,,,,,,,,,,,,,,,,,,,,,,,,,,,,,,,,,,
382,10:02:23,0.2,0.2,,,,,,,,,,,,,,,,,,,,,,,,,,,,,,,,,,,,,,,,,,,,,,,,,,
383,10:02:48,0.416666667,0.4167,,,,,,,,,,,,,,,,,,,,,,,,,,,,,,,,,,,,,,,,,,,,,,,,,,
384,10:02:59,0.183333333,0.1833,,,,,,,,,,,,,,,,,,,,,,,,,,,,,,,,,,,,,,,,,,,,,,,,,,
385,10:03:01,0.033333333,0.0333,,,,,,,,,,,,,,,,,,,,,,,,,,,,,,,,,,,,,,,,,,,,,,,,,,
386,10:03:13,0.2,0.2,,,,,,,,,,,,,,,,,,,,,,,,,,,,,,,,,,,,,,,,,,,,,,,,,,
387,10:03:23,0.166666667,0.1667,,,,,,,,,,,,,,,,,,,,,,,,,,,,,,,,,,,,,,,,,,,,,,,,,,
388,10:03:36,0.216666667,0.2167,,,,,,,,,,,,,,,,,,,,,,,,,,,,,,,,,,,,,,,,,,,,,,,,,,
389,10:03:51,0.25,0.25,,,,,,,,,,,,,,,,,,,,,,,,,,,,,,,,,,,,,,,,,,,,,,,,,,
390,10:04:16,0.416666667,0.4167,,,,,,,,,,,,,,,,,,,,,,,,,,,,,,,,,,,,,,,,,,,,,,,,,,
391,10:04:29,0.216666667,0.2167,,,,,,,,,,,,,,,,,,,,,,,,,,,,,,,,,,,,,,,,,,,,,,,,,,
392,10:04:39,0.166666667,0.1667,,,,,,,,,,,,,,,,,,,,,,,,,,,,,,,,,,,,,,,,,,,,,,,,,,
393,10:04:55,0.266666667,0.2667,,,,,,,,,,,,,,,,,,,,,,,,,,,,,,,,,,,,,,,,,,,,,,,,,,
394,10:06:02,1.116666667,1.1167,,,,,,,,,,,,,,,,,,,,,,,,,,,,,,,,,,,,,,,,,,,,,,,,,,
395,10:06:20,0.3,0.3,,,,,,,,,,,,,,,,,,,,,,,,,,,,,,,,,,,,,,,,,,,,,,,,,,
396,10:06:34,0.233333333,0.2333,,,,,,,,,,,,,,,,,,,,,,,,,,,,,,,,,,,,,,,,,,,,,,,,,,
397,10:06:52,0.3,0.3,,,,,,,,,,,,,,,,,,,,,,,,,,,,,,,,,,,,,,,,,,,,,,,,,,
398,10:07:12,0.333333333,0.3333,,,,,,,,,,,,,,,,,,,,,,,,,,,,,,,,,,,,,,,,,,,,,,,,,,
399,10:07:29,0.283333333,0.2833,,,,,,,,,,,,,,,,,,,,,,,,,,,,,,,,,,,,,,,,,,,,,,,,,,
400,10:07:50,0.35,0.35,,,,,,,,,,,,,,,,,,,,,,,,,,,,,,,,,,,,,,,,,,,,,,,,,,
401,10:09:05,1.25,1.25,,,,,,,,,,,,,,,,,,,,,,,,,,,,,,,,,,,,,,,,,,,,,,,,,,
402,10:09:15,0.166666667,0.1667,,,,,,,,,,,,,,,,,,,,,,,,,,,,,,,,,,,,,,,,,,,,,,,,,,
403,10:09:24,0.15,0.15,,,,,,,,,,,,,,,,,,,,,,,,,,,,,,,,,,,,,,,,,,,,,,,,,,
404,10:09:32,0.133333333,0.1333,,,,,,,,,,,,,,,,,,,,,,,,,,,,,,,,,,,,,,,,,,,,,,,,,,
405,10:09:41,0.15,0.15,,,,,,,,,,,,,,,,,,,,,,,,,,,,,,,,,,,,,,,,,,,,,,,,,,
406,10:09:53,0.2,0.2,,,,,,,,,,,,,,,,,,,,,,,,,,,,,,,,,,,,,,,,,,,,,,,,,,
407,10:10:07,0.233333333,0.2333,,,,,,,,,,,,,,,,,,,,,,,,,,,,,,,,,,,,,,,,,,,,,,,,,,
408,10:10:12,0.083333333,0.0833,,,,,,,,,,,,,,,,,,,,,,,,,,,,,,,,,,,,,,,,,,,,,,,,,,
409,10:10:23,0.183333333,0.1833,,,,,,,,,,,,,,,,,,,,,,,,,,,,,,,,,,,,,,,,,,,,,,,,,,
410,10:10:30,0.116666667,0.1167,,,,,,,,,,,,,,,,,,,,,,,,,,,,,,,,,,,,,,,,,,,,,,,,,,
411,10:10:45,0.25,0.25,,,,,,,,,,,,,,,,,,,,,,,,,,,,,,,,,,,,,,,,,,,,,,,,,,
412,10:10:57,0.2,0.2,,,,,,,,,,,,,,,,,,,,,,,,,,,,,,,,,,,,,,,,,,,,,,,,,,
413,10:11:19,0.366666667,0.3667,,,,,,,,,,,,,,,,,,,,,,,,,,,,,,,,,,,,,,,,,,,,,,,,,,
414,10:11:48,0.483333333,0.4833,,,,,,,,,,,,,,,,,,,,,,,,,,,,,,,,,,,,,,,,,,,,,,,,,,
415,10:12:23,0.583333333,0.5833,,,,,,,,,,,,,,,,,,,,,,,,,,,,,,,,,,,,,,,,,,,,,,,,,,
416,10:12:58,0.583333333,0.5833,,,,,,,,,,,,,,,,,,,,,,,,,,,,,,,,,,,,,,,,,,,,,,,,,,
417,10:14:14,1.266666667,1.2667,,,,,,,,,,,,,,,,,,,,,,,,,,,,,,,,,,,,,,,,,,,,,,,,,,
418,10:14:29,0.25,0.25,,,,,,,,,,,,,,,,,,,,,,,,,,,,,,,,,,,,,,,,,,,,,,,,,,
419,10:14:38,0.15,0.15,,,,,,,,,,,,,,,,,,,,,,,,,,,,,,,,,,,,,,,,,,,,,,,,,,
420,10:14:50,0.2,0.2,,,,,,,,,,,,,,,,,,,,,,,,,,,,,,,,,,,,,,,,,,,,,,,,,,
421,10:52:06,NA,NA,,,,,,,,,,,,,,,,,,,,,,,,,,,,,,,,,,,,,,,,,,,,,,,,,,
422,10:52:18,0.2,0.2,,,,,,,,,,,,,,,,,,,,,,,,,,,,,,,,,,,,,,,,,,,,,,,,,,
423,10:52:22,0.066666667,0.0667,,,,,,,,,,,,,,,,,,,,,,,,,,,,,,,,,,,,,,,,,,,,,,,,,,
424,10:52:30,0.133333333,0.1333,,,,,,,,,,,,,,,,,,,,,,,,,,,,,,,,,,,,,,,,,,,,,,,,,,
425,10:52:36,0.1,0.1,,,,,,,,,,,,,,,,,,,,,,,,,,,,,,,,,,,,,,,,,,,,,,,,,,
426,10:52:41,0.083333333,0.0833,,,,,,,,,,,,,,,,,,,,,,,,,,,,,,,,,,,,,,,,,,,,,,,,,,
427,10:52:46,0.083333333,0.0833,,,,,,,,,,,,,,,,,,,,,,,,,,,,,,,,,,,,,,,,,,,,,,,,,,
428,10:52:52,0.1,0.1,,,,,,,,,,,,,,,,,,,,,,,,,,,,,,,,,,,,,,,,,,,,,,,,,,
429,10:52:59,0.116666667,0.1167,,,,,,,,,,,,,,,,,,,,,,,,,,,,,,,,,,,,,,,,,,,,,,,,,,
430,10:53:10,0.183333333,0.1833,,,,,,,,,,,,,,,,,,,,,,,,,,,,,,,,,,,,,,,,,,,,,,,,,,
431,10:53:17,0.116666667,0.1167,,,,,,,,,,,,,,,,,,,,,,,,,,,,,,,,,,,,,,,,,,,,,,,,,,
432,10:53:23,0.1,0.1,,,,,,,,,,,,,,,,,,,,,,,,,,,,,,,,,,,,,,,,,,,,,,,,,,
433,10:53:37,0.233333333,0.2333,,,,,,,,,,,,,,,,,,,,,,,,,,,,,,,,,,,,,,,,,,,,,,,,,,
434,10:54:02,0.416666667,0.4167,,,,,,,,,,,,,,,,,,,,,,,,,,,,,,,,,,,,,,,,,,,,,,,,,,
435,10:54:13,0.183333333,0.1833,,,,,,,,,,,,,,,,,,,,,,,,,,,,,,,,,,,,,,,,,,,,,,,,,,
436,10:54:22,0.15,0.15,,,,,,,,,,,,,,,,,,,,,,,,,,,,,,,,,,,,,,,,,,,,,,,,,,
437,10:54:30,0.133333333,0.1333,,,,,,,,,,,,,,,,,,,,,,,,,,,,,,,,,,,,,,,,,,,,,,,,,,
438,10:54:35,0.083333333,0.0833,,,,,,,,,,,,,,,,,,,,,,,,,,,,,,,,,,,,,,,,,,,,,,,,,,
439,10:54:40,0.083333333,0.0833,,,,,,,,,,,,,,,,,,,,,,,,,,,,,,,,,,,,,,,,,,,,,,,,,,
440,10:55:02,0.366666667,0.3667,,,,,,,,,,,,,,,,,,,,,,,,,,,,,,,,,,,,,,,,,,,,,,,,,,
441,10:55:16,0.233333333,0.2333,,,,,,,,,,,,,,,,,,,,,,,,,,,,,,,,,,,,,,,,,,,,,,,,,,
442,10:55:26,0.166666667,0.1667,,,,,,,,,,,,,,,,,,,,,,,,,,,,,,,,,,,,,,,,,,,,,,,,,,
443,10:55:33,0.116666667,0.1167,,,,,,,,,,,,,,,,,,,,,,,,,,,,,,,,,,,,,,,,,,,,,,,,,,
444,10:55:40,0.116666667,0.1167,,,,,,,,,,,,,,,,,,,,,,,,,,,,,,,,,,,,,,,,,,,,,,,,,,
445,10:55:53,0.216666667,0.2167,,,,,,,,,,,,,,,,,,,,,,,,,,,,,,,,,,,,,,,,,,,,,,,,,,
446,10:56:08,0.25,0.25,,,,,,,,,,,,,,,,,,,,,,,,,,,,,,,,,,,,,,,,,,,,,,,,,,
447,10:56:15,0.116666667,0.1167,,,,,,,,,,,,,,,,,,,,,,,,,,,,,,,,,,,,,,,,,,,,,,,,,,
448,10:56:20,0.083333333,0.0833,,,,,,,,,,,,,,,,,,,,,,,,,,,,,,,,,,,,,,,,,,,,,,,,,,
449,10:56:29,0.15,0.15,,,,,,,,,,,,,,,,,,,,,,,,,,,,,,,,,,,,,,,,,,,,,,,,,,
450,10:56:40,0.183333333,0.1833,,,,,,,,,,,,,,,,,,,,,,,,,,,,,,,,,,,,,,,,,,,,,,,,,,
451,10:56:47,0.116666667,0.1167,,,,,,,,,,,,,,,,,,,,,,,,,,,,,,,,,,,,,,,,,,,,,,,,,,
452,10:56:59,0.2,0.2,,,,,,,,,,,,,,,,,,,,,,,,,,,,,,,,,,,,,,,,,,,,,,,,,,
453,10:57:11,0.2,0.2,,,,,,,,,,,,,,,,,,,,,,,,,,,,,,,,,,,,,,,,,,,,,,,,,,
454,10:57:20,0.15,0.15,,,,,,,,,,,,,,,,,,,,,,,,,,,,,,,,,,,,,,,,,,,,,,,,,,
455,10:57:28,0.133333333,0.1333,,,,,,,,,,,,,,,,,,,,,,,,,,,,,,,,,,,,,,,,,,,,,,,,,,
456,10:57:36,0.133333333,0.1333,,,,,,,,,,,,,,,,,,,,,,,,,,,,,,,,,,,,,,,,,,,,,,,,,,
457,10:57:44,0.133333333,0.1333,,,,,,,,,,,,,,,,,,,,,,,,,,,,,,,,,,,,,,,,,,,,,,,,,,
458,10:57:49,0.083333333,0.0833,,,,,,,,,,,,,,,,,,,,,,,,,,,,,,,,,,,,,,,,,,,,,,,,,,
459,10:57:57,0.133333333,0.1333,,,,,,,,,,,,,,,,,,,,,,,,,,,,,,,,,,,,,,,,,,,,,,,,,,
460,10:58:09,0.2,0.2,,,,,,,,,,,,,,,,,,,,,,,,,,,,,,,,,,,,,,,,,,,,,,,,,,
461,10:58:14,0.083333333,0.0833,,,,,,,,,,,,,,,,,,,,,,,,,,,,,,,,,,,,,,,,,,,,,,,,,,
462,10:58:23,0.15,0.15,,,,,,,,,,,,,,,,,,,,,,,,,,,,,,,,,,,,,,,,,,,,,,,,,,
463,10:58:37,0.233333333,0.2333,,,,,,,,,,,,,,,,,,,,,,,,,,,,,,,,,,,,,,,,,,,,,,,,,,
464,10:58:44,0.116666667,0.1167,,,,,,,,,,,,,,,,,,,,,,,,,,,,,,,,,,,,,,,,,,,,,,,,,,
465,10:58:58,0.233333333,0.2333,,,,,,,,,,,,,,,,,,,,,,,,,,,,,,,,,,,,,,,,,,,,,,,,,,
466,10:59:06,0.133333333,0.1333,,,,,,,,,,,,,,,,,,,,,,,,,,,,,,,,,,,,,,,,,,,,,,,,,,
467,10:59:20,0.233333333,0.2333,,,,,,,,,,,,,,,,,,,,,,,,,,,,,,,,,,,,,,,,,,,,,,,,,,
468,10:59:31,0.183333333,0.1833,,,,,,,,,,,,,,,,,,,,,,,,,,,,,,,,,,,,,,,,,,,,,,,,,,
469,10:59:46,0.25,0.25,,,,,,,,,,,,,,,,,,,,,,,,,,,,,,,,,,,,,,,,,,,,,,,,,,
470,10:59:50,0.066666667,0.0667,,,,,,,,,,,,,,,,,,,,,,,,,,,,,,,,,,,,,,,,,,,,,,,,,,
471,10:59:59,0.15,0.15,,,,,,,,,,,,,,,,,,,,,,,,,,,,,,,,,,,,,,,,,,,,,,,,,,
472,11:00:08,0.15,0.15,,,,,,,,,,,,,,,,,,,,,,,,,,,,,,,,,,,,,,,,,,,,,,,,,,
473,11:00:19,0.183333333,0.1833,,,,,,,,,,,,,,,,,,,,,,,,,,,,,,,,,,,,,,,,,,,,,,,,,,
474,11:00:28,0.15,0.15,,,,,,,,,,,,,,,,,,,,,,,,,,,,,,,,,,,,,,,,,,,,,,,,,,
475,11:00:39,0.183333333,0.1833,,,,,,,,,,,,,,,,,,,,,,,,,,,,,,,,,,,,,,,,,,,,,,,,,,
476,11:00:51,0.2,0.2,,,,,,,,,,,,,,,,,,,,,,,,,,,,,,,,,,,,,,,,,,,,,,,,,,
477,11:01:18,0.45,0.45,,,,,,,,,,,,,,,,,,,,,,,,,,,,,,,,,,,,,,,,,,,,,,,,,,
478,11:01:29,0.183333333,0.1833,,,,,,,,,,,,,,,,,,,,,,,,,,,,,,,,,,,,,,,,,,,,,,,,,,
479,11:01:46,0.283333333,0.2833,,,,,,,,,,,,,,,,,,,,,,,,,,,,,,,,,,,,,,,,,,,,,,,,,,
480,11:02:05,0.316666667,0.3167,,,,,,,,,,,,,,,,,,,,,,,,,,,,,,,,,,,,,,,,,,,,,,,,,,
481,11:02:25,0.333333333,0.3333,,,,,,,,,,,,,,,,,,,,,,,,,,,,,,,,,,,,,,,,,,,,,,,,,,
482,11:02:36,0.183333333,0.1833,,,,,,,,,,,,,,,,,,,,,,,,,,,,,,,,,,,,,,,,,,,,,,,,,,
483,11:02:49,0.216666667,0.2167,,,,,,,,,,,,,,,,,,,,,,,,,,,,,,,,,,,,,,,,,,,,,,,,,,
484,11:03:10,0.35,0.35,,,,,,,,,,,,,,,,,,,,,,,,,,,,,,,,,,,,,,,,,,,,,,,,,,
485,11:03:22,0.2,0.2,,,,,,,,,,,,,,,,,,,,,,,,,,,,,,,,,,,,,,,,,,,,,,,,,,
486,11:03:29,0.116666667,0.1167,,,,,,,,,,,,,,,,,,,,,,,,,,,,,,,,,,,,,,,,,,,,,,,,,,
487,11:03:39,0.166666667,0.1667,,,,,,,,,,,,,,,,,,,,,,,,,,,,,,,,,,,,,,,,,,,,,,,,,,
488,11:03:47,0.133333333,0.1333,,,,,,,,,,,,,,,,,,,,,,,,,,,,,,,,,,,,,,,,,,,,,,,,,,
489,11:03:58,0.183333333,0.1833,,,,,,,,,,,,,,,,,,,,,,,,,,,,,,,,,,,,,,,,,,,,,,,,,,
490,11:04:09,0.183333333,0.1833,,,,,,,,,,,,,,,,,,,,,,,,,,,,,,,,,,,,,,,,,,,,,,,,,,
491,11:04:14,0.083333333,0.0833,,,,,,,,,,,,,,,,,,,,,,,,,,,,,,,,,,,,,,,,,,,,,,,,,,
492,11:04:20,0.1,0.1,,,,,,,,,,,,,,,,,,,,,,,,,,,,,,,,,,,,,,,,,,,,,,,,,,
493,11:04:28,0.133333333,0.1333,,,,,,,,,,,,,,,,,,,,,,,,,,,,,,,,,,,,,,,,,,,,,,,,,,
494,11:04:36,0.133333333,0.1333,,,,,,,,,,,,,,,,,,,,,,,,,,,,,,,,,,,,,,,,,,,,,,,,,,
495,11:04:42,0.1,0.1,,,,,,,,,,,,,,,,,,,,,,,,,,,,,,,,,,,,,,,,,,,,,,,,,,
496,11:04:48,0.1,0.1,,,,,,,,,,,,,,,,,,,,,,,,,,,,,,,,,,,,,,,,,,,,,,,,,,
497,11:04:51,0.05,0.05,,,,,,,,,,,,,,,,,,,,,,,,,,,,,,,,,,,,,,,,,,,,,,,,,,
498,11:04:59,0.133333333,0.1333,,,,,,,,,,,,,,,,,,,,,,,,,,,,,,,,,,,,,,,,,,,,,,,,,,
499,11:05:05,0.1,0.1,,,,,,,,,,,,,,,,,,,,,,,,,,,,,,,,,,,,,,,,,,,,,,,,,,
500,11:05:16,0.183333333,0.1833,,,,,,,,,,,,,,,,,,,,,,,,,,,,,,,,,,,,,,,,,,,,,,,,,,
501,11:05:22,0.1,0.1,,,,,,,,,,,,,,,,,,,,,,,,,,,,,,,,,,,,,,,,,,,,,,,,,,
502,11:05:31,0.15,0.15,,,,,,,,,,,,,,,,,,,,,,,,,,,,,,,,,,,,,,,,,,,,,,,,,,
503,11:05:39,0.133333333,0.1333,,,,,,,,,,,,,,,,,,,,,,,,,,,,,,,,,,,,,,,,,,,,,,,,,,
504,11:05:45,0.1,0.1,,,,,,,,,,,,,,,,,,,,,,,,,,,,,,,,,,,,,,,,,,,,,,,,,,
505,11:05:48,0.05,0.05,,,,,,,,,,,,,,,,,,,,,,,,,,,,,,,,,,,,,,,,,,,,,,,,,,
506,11:05:52,0.066666667,0.0667,,,,,,,,,,,,,,,,,,,,,,,,,,,,,,,,,,,,,,,,,,,,,,,,,,
507,11:05:59,0.116666667,0.1167,,,,,,,,,,,,,,,,,,,,,,,,,,,,,,,,,,,,,,,,,,,,,,,,,,
508,11:06:09,0.166666667,0.1667,,,,,,,,,,,,,,,,,,,,,,,,,,,,,,,,,,,,,,,,,,,,,,,,,,
509,11:06:15,0.1,0.1,,,,,,,,,,,,,,,,,,,,,,,,,,,,,,,,,,,,,,,,,,,,,,,,,,
510,11:06:21,0.1,0.1,,,,,,,,,,,,,,,,,,,,,,,,,,,,,,,,,,,,,,,,,,,,,,,,,,
511,11:06:29,0.133333333,0.1333,,,,,,,,,,,,,,,,,,,,,,,,,,,,,,,,,,,,,,,,,,,,,,,,,,
512,11:06:36,0.116666667,0.1167,,,,,,,,,,,,,,,,,,,,,,,,,,,,,,,,,,,,,,,,,,,,,,,,,,
513,11:06:42,0.1,0.1,,,,,,,,,,,,,,,,,,,,,,,,,,,,,,,,,,,,,,,,,,,,,,,,,,
514,11:06:46,0.066666667,0.0667,,,,,,,,,,,,,,,,,,,,,,,,,,,,,,,,,,,,,,,,,,,,,,,,,,
515,11:06:49,0.05,0.05,,,,,,,,,,,,,,,,,,,,,,,,,,,,,,,,,,,,,,,,,,,,,,,,,,
516,11:06:52,0.05,0.05,,,,,,,,,,,,,,,,,,,,,,,,,,,,,,,,,,,,,,,,,,,,,,,,,,
517,11:06:55,0.05,0.05,,,,,,,,,,,,,,,,,,,,,,,,,,,,,,,,,,,,,,,,,,,,,,,,,,
518,11:06:59,0.066666667,0.0667,,,,,,,,,,,,,,,,,,,,,,,,,,,,,,,,,,,,,,,,,,,,,,,,,,
519,11:07:08,0.15,0.15,,,,,,,,,,,,,,,,,,,,,,,,,,,,,,,,,,,,,,,,,,,,,,,,,,
520,11:07:13,0.083333333,0.0833,,,,,,,,,,,,,,,,,,,,,,,,,,,,,,,,,,,,,,,,,,,,,,,,,,
521,11:07:18,0.083333333,0.0833,,,,,,,,,,,,,,,,,,,,,,,,,,,,,,,,,,,,,,,,,,,,,,,,,,
522,11:07:25,0.116666667,0.1167,,,,,,,,,,,,,,,,,,,,,,,,,,,,,,,,,,,,,,,,,,,,,,,,,,
523,11:07:30,0.083333333,0.0833,,,,,,,,,,,,,,,,,,,,,,,,,,,,,,,,,,,,,,,,,,,,,,,,,,
524,11:07:36,0.1,0.1,,,,,,,,,,,,,,,,,,,,,,,,,,,,,,,,,,,,,,,,,,,,,,,,,,
525,11:07:40,0.066666667,0.0667,,,,,,,,,,,,,,,,,,,,,,,,,,,,,,,,,,,,,,,,,,,,,,,,,,
526,11:07:46,0.1,0.1,,,,,,,,,,,,,,,,,,,,,,,,,,,,,,,,,,,,,,,,,,,,,,,,,,
527,11:07:58,0.2,0.2,,,,,,,,,,,,,,,,,,,,,,,,,,,,,,,,,,,,,,,,,,,,,,,,,,
528,11:08:07,0.15,0.15,,,,,,,,,,,,,,,,,,,,,,,,,,,,,,,,,,,,,,,,,,,,,,,,,,
529,11:08:19,0.2,0.2,,,,,,,,,,,,,,,,,,,,,,,,,,,,,,,,,,,,,,,,,,,,,,,,,,
530,11:08:24,0.083333333,0.0833,,,,,,,,,,,,,,,,,,,,,,,,,,,,,,,,,,,,,,,,,,,,,,,,,,
531,11:08:28,0.066666667,0.0667,,,,,,,,,,,,,,,,,,,,,,,,,,,,,,,,,,,,,,,,,,,,,,,,,,
532,11:08:35,0.116666667,0.1167,,,,,,,,,,,,,,,,,,,,,,,,,,,,,,,,,,,,,,,,,,,,,,,,,,
533,11:08:40,0.083333333,0.0833,,,,,,,,,,,,,,,,,,,,,,,,,,,,,,,,,,,,,,,,,,,,,,,,,,
534,11:08:45,0.083333333,0.0833,,,,,,,,,,,,,,,,,,,,,,,,,,,,,,,,,,,,,,,,,,,,,,,,,,
535,11:08:50,0.083333333,0.0833,,,,,,,,,,,,,,,,,,,,,,,,,,,,,,,,,,,,,,,,,,,,,,,,,,
536,11:08:58,0.133333333,0.1333,,,,,,,,,,,,,,,,,,,,,,,,,,,,,,,,,,,,,,,,,,,,,,,,,,
537,11:09:04,0.1,0.1,,,,,,,,,,,,,,,,,,,,,,,,,,,,,,,,,,,,,,,,,,,,,,,,,,
538,11:09:10,0.1,0.1,,,,,,,,,,,,,,,,,,,,,,,,,,,,,,,,,,,,,,,,,,,,,,,,,,
539,11:09:18,0.133333333,0.1333,,,,,,,,,,,,,,,,,,,,,,,,,,,,,,,,,,,,,,,,,,,,,,,,,,
540,11:09:24,0.1,0.1,,,,,,,,,,,,,,,,,,,,,,,,,,,,,,,,,,,,,,,,,,,,,,,,,,
541,11:09:31,0.116666667,0.1167,,,,,,,,,,,,,,,,,,,,,,,,,,,,,,,,,,,,,,,,,,,,,,,,,,
542,11:09:38,0.116666667,0.1167,,,,,,,,,,,,,,,,,,,,,,,,,,,,,,,,,,,,,,,,,,,,,,,,,,
543,11:09:44,0.1,0.1,,,,,,,,,,,,,,,,,,,,,,,,,,,,,,,,,,,,,,,,,,,,,,,,,,
544,11:09:56,0.2,0.2,,,,,,,,,,,,,,,,,,,,,,,,,,,,,,,,,,,,,,,,,,,,,,,,,,
545,11:10:08,0.2,0.2,,,,,,,,,,,,,,,,,,,,,,,,,,,,,,,,,,,,,,,,,,,,,,,,,,
546,11:10:18,0.166666667,0.1667,,,,,,,,,,,,,,,,,,,,,,,,,,,,,,,,,,,,,,,,,,,,,,,,,,
547,11:10:25,0.116666667,0.1167,,,,,,,,,,,,,,,,,,,,,,,,,,,,,,,,,,,,,,,,,,,,,,,,,,
548,11:10:30,0.083333333,0.0833,,,,,,,,,,,,,,,,,,,,,,,,,,,,,,,,,,,,,,,,,,,,,,,,,,
549,11:10:42,0.2,0.2,,,,,,,,,,,,,,,,,,,,,,,,,,,,,,,,,,,,,,,,,,,,,,,,,,
550,11:10:54,0.2,0.2,,,,,,,,,,,,,,,,,,,,,,,,,,,,,,,,,,,,,,,,,,,,,,,,,,
551,11:11:10,0.266666667,0.2667,,,,,,,,,,,,,,,,,,,,,,,,,,,,,,,,,,,,,,,,,,,,,,,,,,
552,11:11:41,0.516666667,0.5167,,,,,,,,,,,,,,,,,,,,,,,,,,,,,,,,,,,,,,,,,,,,,,,,,,
553,11:12:16,0.583333333,0.5833,,,,,,,,,,,,,,,,,,,,,,,,,,,,,,,,,,,,,,,,,,,,,,,,,,
554,11:12:28,0.2,0.2,,,,,,,,,,,,,,,,,,,,,,,,,,,,,,,,,,,,,,,,,,,,,,,,,,
555,11:12:51,0.383333333,0.3833,,,,,,,,,,,,,,,,,,,,,,,,,,,,,,,,,,,,,,,,,,,,,,,,,,
556,11:13:41,0.833333333,0.8333,,,,,,,,,,,,,,,,,,,,,,,,,,,,,,,,,,,,,,,,,,,,,,,,,,
557,11:15:12,1.516666667,1.5167,,,,,,,,,,,,,,,,,,,,,,,,,,,,,,,,,,,,,,,,,,,,,,,,,,
558,11:15:30,0.3,0.3,,,,,,,,,,,,,,,,,,,,,,,,,,,,,,,,,,,,,,,,,,,,,,,,,,
559,11:15:55,0.416666667,0.4167,,,,,,,,,,,,,,,,,,,,,,,,,,,,,,,,,,,,,,,,,,,,,,,,,,
560,11:17:12,1.283333333,1.2833,,,,,,,,,,,,,,,,,,,,,,,,,,,,,,,,,,,,,,,,,,,,,,,,,,
561,11:17:30,0.3,0.3,,,,,,,,,,,,,,,,,,,,,,,,,,,,,,,,,,,,,,,,,,,,,,,,,,
562,11:17:41,0.183333333,0.1833,,,,,,,,,,,,,,,,,,,,,,,,,,,,,,,,,,,,,,,,,,,,,,,,,,
563,11:17:55,0.233333333,0.2333,,,,,,,,,,,,,,,,,,,,,,,,,,,,,,,,,,,,,,,,,,,,,,,,,,
564,11:18:12,0.283333333,0.2833,,,,,,,,,,,,,,,,,,,,,,,,,,,,,,,,,,,,,,,,,,,,,,,,,,
565,11:18:23,0.183333333,0.1833,,,,,,,,,,,,,,,,,,,,,,,,,,,,,,,,,,,,,,,,,,,,,,,,,,
566,11:18:30,0.116666667,0.1167,,,,,,,,,,,,,,,,,,,,,,,,,,,,,,,,,,,,,,,,,,,,,,,,,,
567,11:18:39,0.15,0.15,,,,,,,,,,,,,,,,,,,,,,,,,,,,,,,,,,,,,,,,,,,,,,,,,,
568,11:18:45,0.1,0.1,,,,,,,,,,,,,,,,,,,,,,,,,,,,,,,,,,,,,,,,,,,,,,,,,,
569,11:18:55,0.166666667,0.1667,,,,,,,,,,,,,,,,,,,,,,,,,,,,,,,,,,,,,,,,,,,,,,,,,,
570,11:20:09,1.233333333,1.2333,,,,,,,,,,,,,,,,,,,,,,,,,,,,,,,,,,,,,,,,,,,,,,,,,,
571,11:20:15,0.1,0.1,,,,,,,,,,,,,,,,,,,,,,,,,,,,,,,,,,,,,,,,,,,,,,,,,,
572,11:20:31,0.266666667,0.2667,,,,,,,,,,,,,,,,,,,,,,,,,,,,,,,,,,,,,,,,,,,,,,,,,,
573,11:20:49,0.3,0.3,,,,,,,,,,,,,,,,,,,,,,,,,,,,,,,,,,,,,,,,,,,,,,,,,,
574,11:21:10,0.35,0.35,,,,,,,,,,,,,,,,,,,,,,,,,,,,,,,,,,,,,,,,,,,,,,,,,,
575,11:21:25,0.25,0.25,,,,,,,,,,,,,,,,,,,,,,,,,,,,,,,,,,,,,,,,,,,,,,,,,,
576,11:21:31,0.1,0.1,,,,,,,,,,,,,,,,,,,,,,,,,,,,,,,,,,,,,,,,,,,,,,,,,,
577,11:21:40,0.15,0.15,,,,,,,,,,,,,,,,,,,,,,,,,,,,,,,,,,,,,,,,,,,,,,,,,,
578,11:21:56,0.266666667,0.2667,,,,,,,,,,,,,,,,,,,,,,,,,,,,,,,,,,,,,,,,,,,,,,,,,,
579,11:23:10,1.233333333,1.2333,,,,,,,,,,,,,,,,,,,,,,,,,,,,,,,,,,,,,,,,,,,,,,,,,,
580,11:23:49,0.65,0.65,,,,,,,,,,,,,,,,,,,,,,,,,,,,,,,,,,,,,,,,,,,,,,,,,,
581,11:24:19,0.5,0.5,,,,,,,,,,,,,,,,,,,,,,,,,,,,,,,,,,,,,,,,,,,,,,,,,,
582,11:24:41,0.366666667,0.3667,,,,,,,,,,,,,,,,,,,,,,,,,,,,,,,,,,,,,,,,,,,,,,,,,,
583,11:25:20,0.65,0.65,,,,,,,,,,,,,,,,,,,,,,,,,,,,,,,,,,,,,,,,,,,,,,,,,,
584,11:25:33,0.216666667,0.2167,,,,,,,,,,,,,,,,,,,,,,,,,,,,,,,,,,,,,,,,,,,,,,,,,,
585,11:25:54,0.35,0.35,,,,,,,,,,,,,,,,,,,,,,,,,,,,,,,,,,,,,,,,,,,,,,,,,,
586,11:26:25,0.516666667,0.5167,,,,,,,,,,,,,,,,,,,,,,,,,,,,,,,,,,,,,,,,,,,,,,,,,,
587,11:26:50,0.416666667,0.4167,,,,,,,,,,,,,,,,,,,,,,,,,,,,,,,,,,,,,,,,,,,,,,,,,,
588,11:27:10,0.333333333,0.3333,,,,,,,,,,,,,,,,,,,,,,,,,,,,,,,,,,,,,,,,,,,,,,,,,,
589,11:27:18,0.133333333,0.1333,,,,,,,,,,,,,,,,,,,,,,,,,,,,,,,,,,,,,,,,,,,,,,,,,,
590,11:27:25,0.116666667,0.1167,,,,,,,,,,,,,,,,,,,,,,,,,,,,,,,,,,,,,,,,,,,,,,,,,,
591,11:27:42,0.283333333,0.2833,,,,,,,,,,,,,,,,,,,,,,,,,,,,,,,,,,,,,,,,,,,,,,,,,,
592,11:27:56,0.233333333,0.2333,,,,,,,,,,,,,,,,,,,,,,,,,,,,,,,,,,,,,,,,,,,,,,,,,,
593,11:28:20,0.4,0.4,,,,,,,,,,,,,,,,,,,,,,,,,,,,,,,,,,,,,,,,,,,,,,,,,,
594,11:28:33,0.216666667,0.2167,,,,,,,,,,,,,,,,,,,,,,,,,,,,,,,,,,,,,,,,,,,,,,,,,,
595,11:28:54,0.35,0.35,,,,,,,,,,,,,,,,,,,,,,,,,,,,,,,,,,,,,,,,,,,,,,,,,,
596,11:29:03,0.15,0.15,,,,,,,,,,,,,,,,,,,,,,,,,,,,,,,,,,,,,,,,,,,,,,,,,,
597,11:29:18,0.25,0.25,,,,,,,,,,,,,,,,,,,,,,,,,,,,,,,,,,,,,,,,,,,,,,,,,,
598,11:29:29,0.183333333,0.1833,,,,,,,,,,,,,,,,,,,,,,,,,,,,,,,,,,,,,,,,,,,,,,,,,,
599,11:29:39,0.166666667,0.1667,,,,,,,,,,,,,,,,,,,,,,,,,,,,,,,,,,,,,,,,,,,,,,,,,,
600,11:29:57,0.3,0.3,,,,,,,,,,,,,,,,,,,,,,,,,,,,,,,,,,,,,,,,,,,,,,,,,,
601,12:30:00,NA,NA,,,,,,,,,,,,,,,,,,,,,,,,,,,,,,,,,,,,,,,,,,,,,,,,,,
602,12:30:10,0.166666667,0.1667,,,,,,,,,,,,,,,,,,,,,,,,,,,,,,,,,,,,,,,,,,,,,,,,,,
603,12:30:24,0.233333333,0.2333,,,,,,,,,,,,,,,,,,,,,,,,,,,,,,,,,,,,,,,,,,,,,,,,,,
604,12:30:41,0.283333333,0.2833,,,,,,,,,,,,,,,,,,,,,,,,,,,,,,,,,,,,,,,,,,,,,,,,,,
605,12:31:10,0.483333333,0.4833,,,,,,,,,,,,,,,,,,,,,,,,,,,,,,,,,,,,,,,,,,,,,,,,,,
606,12:31:25,0.25,0.25,,,,,,,,,,,,,,,,,,,,,,,,,,,,,,,,,,,,,,,,,,,,,,,,,,
607,12:31:35,0.166666667,0.1667,,,,,,,,,,,,,,,,,,,,,,,,,,,,,,,,,,,,,,,,,,,,,,,,,,
608,12:31:40,0.083333333,0.0833,,,,,,,,,,,,,,,,,,,,,,,,,,,,,,,,,,,,,,,,,,,,,,,,,,
609,12:31:50,0.166666667,0.1667,,,,,,,,,,,,,,,,,,,,,,,,,,,,,,,,,,,,,,,,,,,,,,,,,,
610,12:32:07,0.283333333,0.2833,,,,,,,,,,,,,,,,,,,,,,,,,,,,,,,,,,,,,,,,,,,,,,,,,,
611,12:32:20,0.216666667,0.2167,,,,,,,,,,,,,,,,,,,,,,,,,,,,,,,,,,,,,,,,,,,,,,,,,,
612,12:33:40,1.333333333,1.3333,,,,,,,,,,,,,,,,,,,,,,,,,,,,,,,,,,,,,,,,,,,,,,,,,,
613,12:34:23,0.716666667,0.7167,,,,,,,,,,,,,,,,,,,,,,,,,,,,,,,,,,,,,,,,,,,,,,,,,,
614,12:34:37,0.233333333,0.2333,,,,,,,,,,,,,,,,,,,,,,,,,,,,,,,,,,,,,,,,,,,,,,,,,,
615,12:34:45,0.133333333,0.1333,,,,,,,,,,,,,,,,,,,,,,,,,,,,,,,,,,,,,,,,,,,,,,,,,,
616,12:34:50,0.083333333,0.0833,,,,,,,,,,,,,,,,,,,,,,,,,,,,,,,,,,,,,,,,,,,,,,,,,,
617,12:34:54,0.066666667,0.0667,,,,,,,,,,,,,,,,,,,,,,,,,,,,,,,,,,,,,,,,,,,,,,,,,,
618,12:34:58,0.066666667,0.0667,,,,,,,,,,,,,,,,,,,,,,,,,,,,,,,,,,,,,,,,,,,,,,,,,,
619,12:35:16,0.3,0.3,,,,,,,,,,,,,,,,,,,,,,,,,,,,,,,,,,,,,,,,,,,,,,,,,,
620,12:35:36,0.333333333,0.3333,,,,,,,,,,,,,,,,,,,,,,,,,,,,,,,,,,,,,,,,,,,,,,,,,,
621,12:35:50,0.233333333,0.2333,,,,,,,,,,,,,,,,,,,,,,,,,,,,,,,,,,,,,,,,,,,,,,,,,,
622,12:35:57,0.116666667,0.1167,,,,,,,,,,,,,,,,,,,,,,,,,,,,,,,,,,,,,,,,,,,,,,,,,,
623,12:36:09,0.2,0.2,,,,,,,,,,,,,,,,,,,,,,,,,,,,,,,,,,,,,,,,,,,,,,,,,,
624,12:36:40,0.516666667,0.5167,,,,,,,,,,,,,,,,,,,,,,,,,,,,,,,,,,,,,,,,,,,,,,,,,,
625,12:38:10,1.5,1.5,,,,,,,,,,,,,,,,,,,,,,,,,,,,,,,,,,,,,,,,,,,,,,,,,,
626,12:38:26,0.266666667,0.2667,,,,,,,,,,,,,,,,,,,,,,,,,,,,,,,,,,,,,,,,,,,,,,,,,,
627,12:38:48,0.366666667,0.3667,,,,,,,,,,,,,,,,,,,,,,,,,,,,,,,,,,,,,,,,,,,,,,,,,,
628,12:39:36,0.8,0.8,,,,,,,,,,,,,,,,,,,,,,,,,,,,,,,,,,,,,,,,,,,,,,,,,,
629,12:40:08,0.533333333,0.5333,,,,,,,,,,,,,,,,,,,,,,,,,,,,,,,,,,,,,,,,,,,,,,,,,,
630,12:40:27,0.316666667,0.3167,,,,,,,,,,,,,,,,,,,,,,,,,,,,,,,,,,,,,,,,,,,,,,,,,,
631,12:40:51,0.4,0.4,,,,,,,,,,,,,,,,,,,,,,,,,,,,,,,,,,,,,,,,,,,,,,,,,,
632,12:41:06,0.25,0.25,,,,,,,,,,,,,,,,,,,,,,,,,,,,,,,,,,,,,,,,,,,,,,,,,,
633,12:41:45,0.65,0.65,,,,,,,,,,,,,,,,,,,,,,,,,,,,,,,,,,,,,,,,,,,,,,,,,,
634,12:42:11,0.433333333,0.4333,,,,,,,,,,,,,,,,,,,,,,,,,,,,,,,,,,,,,,,,,,,,,,,,,,
635,12:42:22,0.183333333,0.1833,,,,,,,,,,,,,,,,,,,,,,,,,,,,,,,,,,,,,,,,,,,,,,,,,,
636,12:42:43,0.35,0.35,,,,,,,,,,,,,,,,,,,,,,,,,,,,,,,,,,,,,,,,,,,,,,,,,,
637,12:44:02,1.316666667,1.3167,,,,,,,,,,,,,,,,,,,,,,,,,,,,,,,,,,,,,,,,,,,,,,,,,,
638,12:44:32,0.5,0.5,,,,,,,,,,,,,,,,,,,,,,,,,,,,,,,,,,,,,,,,,,,,,,,,,,
639,12:44:49,0.283333333,0.2833,,,,,,,,,,,,,,,,,,,,,,,,,,,,,,,,,,,,,,,,,,,,,,,,,,
640,12:45:07,0.3,0.3,,,,,,,,,,,,,,,,,,,,,,,,,,,,,,,,,,,,,,,,,,,,,,,,,,
641,12:46:28,1.35,1.35,,,,,,,,,,,,,,,,,,,,,,,,,,,,,,,,,,,,,,,,,,,,,,,,,,
642,12:47:30,1.033333333,1.0333,,,,,,,,,,,,,,,,,,,,,,,,,,,,,,,,,,,,,,,,,,,,,,,,,,
643,12:47:39,0.15,0.15,,,,,,,,,,,,,,,,,,,,,,,,,,,,,,,,,,,,,,,,,,,,,,,,,,
644,12:47:41,0.033333333,0.0333,,,,,,,,,,,,,,,,,,,,,,,,,,,,,,,,,,,,,,,,,,,,,,,,,,
645,12:48:10,0.483333333,0.4833,,,,,,,,,,,,,,,,,,,,,,,,,,,,,,,,,,,,,,,,,,,,,,,,,,
646,12:48:49,0.65,0.65,,,,,,,,,,,,,,,,,,,,,,,,,,,,,,,,,,,,,,,,,,,,,,,,,,
647,12:49:12,0.383333333,0.3833,,,,,,,,,,,,,,,,,,,,,,,,,,,,,,,,,,,,,,,,,,,,,,,,,,
648,12:49:24,0.2,0.2,,,,,,,,,,,,,,,,,,,,,,,,,,,,,,,,,,,,,,,,,,,,,,,,,,
649,12:49:43,0.316666667,0.3167,,,,,,,,,,,,,,,,,,,,,,,,,,,,,,,,,,,,,,,,,,,,,,,,,,
650,12:50:32,0.816666667,0.8167,,,,,,,,,,,,,,,,,,,,,,,,,,,,,,,,,,,,,,,,,,,,,,,,,,
651,12:51:07,0.583333333,0.5833,,,,,,,,,,,,,,,,,,,,,,,,,,,,,,,,,,,,,,,,,,,,,,,,,,
652,12:51:29,0.366666667,0.3667,,,,,,,,,,,,,,,,,,,,,,,,,,,,,,,,,,,,,,,,,,,,,,,,,,
653,12:51:41,0.2,0.2,,,,,,,,,,,,,,,,,,,,,,,,,,,,,,,,,,,,,,,,,,,,,,,,,,
654,12:52:07,0.433333333,0.4333,,,,,,,,,,,,,,,,,,,,,,,,,,,,,,,,,,,,,,,,,,,,,,,,,,
655,12:52:10,0.05,0.05,,,,,,,,,,,,,,,,,,,,,,,,,,,,,,,,,,,,,,,,,,,,,,,,,,
656,12:52:45,0.583333333,0.5833,,,,,,,,,,,,,,,,,,,,,,,,,,,,,,,,,,,,,,,,,,,,,,,,,,
657,12:53:22,0.616666667,0.6167,,,,,,,,,,,,,,,,,,,,,,,,,,,,,,,,,,,,,,,,,,,,,,,,,,
658,12:54:32,1.166666667,1.1667,,,,,,,,,,,,,,,,,,,,,,,,,,,,,,,,,,,,,,,,,,,,,,,,,,
659,12:55:12,0.666666667,0.6667,,,,,,,,,,,,,,,,,,,,,,,,,,,,,,,,,,,,,,,,,,,,,,,,,,
660,12:55:20,0.133333333,0.1333,,,,,,,,,,,,,,,,,,,,,,,,,,,,,,,,,,,,,,,,,,,,,,,,,,
661,12:55:29,0.15,0.15,,,,,,,,,,,,,,,,,,,,,,,,,,,,,,,,,,,,,,,,,,,,,,,,,,
662,12:55:41,0.2,0.2,,,,,,,,,,,,,,,,,,,,,,,,,,,,,,,,,,,,,,,,,,,,,,,,,,
663,12:56:03,0.366666667,0.3667,,,,,,,,,,,,,,,,,,,,,,,,,,,,,,,,,,,,,,,,,,,,,,,,,,
664,12:56:36,0.55,0.55,,,,,,,,,,,,,,,,,,,,,,,,,,,,,,,,,,,,,,,,,,,,,,,,,,
665,12:56:51,0.25,0.25,,,,,,,,,,,,,,,,,,,,,,,,,,,,,,,,,,,,,,,,,,,,,,,,,,
666,12:57:04,0.216666667,0.2167,,,,,,,,,,,,,,,,,,,,,,,,,,,,,,,,,,,,,,,,,,,,,,,,,,
667,12:57:30,0.433333333,0.4333,,,,,,,,,,,,,,,,,,,,,,,,,,,,,,,,,,,,,,,,,,,,,,,,,,
668,12:57:34,0.066666667,0.0667,,,,,,,,,,,,,,,,,,,,,,,,,,,,,,,,,,,,,,,,,,,,,,,,,,
669,12:57:48,0.233333333,0.2333,,,,,,,,,,,,,,,,,,,,,,,,,,,,,,,,,,,,,,,,,,,,,,,,,,
670,12:58:11,0.383333333,0.3833,,,,,,,,,,,,,,,,,,,,,,,,,,,,,,,,,,,,,,,,,,,,,,,,,,
671,12:58:23,0.2,0.2,,,,,,,,,,,,,,,,,,,,,,,,,,,,,,,,,,,,,,,,,,,,,,,,,,
672,12:58:59,0.6,0.6,,,,,,,,,,,,,,,,,,,,,,,,,,,,,,,,,,,,,,,,,,,,,,,,,,
673,12:59:37,0.633333333,0.6333,,,,,,,,,,,,,,,,,,,,,,,,,,,,,,,,,,,,,,,,,,,,,,,,,,
674,13:00:14,0.616666667,0.6167,,,,,,,,,,,,,,,,,,,,,,,,,,,,,,,,,,,,,,,,,,,,,,,,,,
675,13:00:25,0.183333333,0.1833,,,,,,,,,,,,,,,,,,,,,,,,,,,,,,,,,,,,,,,,,,,,,,,,,,
676,13:00:29,0.066666667,0.0667,,,,,,,,,,,,,,,,,,,,,,,,,,,,,,,,,,,,,,,,,,,,,,,,,,
677,13:00:57,0.466666667,0.4667,,,,,,,,,,,,,,,,,,,,,,,,,,,,,,,,,,,,,,,,,,,,,,,,,,
678,13:02:23,1.433333333,1.4333,,,,,,,,,,,,,,,,,,,,,,,,,,,,,,,,,,,,,,,,,,,,,,,,,,
679,13:02:37,0.233333333,0.2333,,,,,,,,,,,,,,,,,,,,,,,,,,,,,,,,,,,,,,,,,,,,,,,,,,
680,13:03:02,0.416666667,0.4167,,,,,,,,,,,,,,,,,,,,,,,,,,,,,,,,,,,,,,,,,,,,,,,,,,
681,13:03:30,0.466666667,0.4667,,,,,,,,,,,,,,,,,,,,,,,,,,,,,,,,,,,,,,,,,,,,,,,,,,
682,13:05:02,1.533333333,1.5333,,,,,,,,,,,,,,,,,,,,,,,,,,,,,,,,,,,,,,,,,,,,,,,,,,
683,13:05:35,0.55,0.55,,,,,,,,,,,,,,,,,,,,,,,,,,,,,,,,,,,,,,,,,,,,,,,,,,
684,13:05:50,0.25,0.25,,,,,,,,,,,,,,,,,,,,,,,,,,,,,,,,,,,,,,,,,,,,,,,,,,
685,13:06:45,0.916666667,0.9167,,,,,,,,,,,,,,,,,,,,,,,,,,,,,,,,,,,,,,,,,,,,,,,,,,
686,13:08:15,1.5,1.5,,,,,,,,,,,,,,,,,,,,,,,,,,,,,,,,,,,,,,,,,,,,,,,,,,
687,13:09:17,1.033333333,1.0333,,,,,,,,,,,,,,,,,,,,,,,,,,,,,,,,,,,,,,,,,,,,,,,,,,
688,13:09:49,0.533333333,0.5333,,,,,,,,,,,,,,,,,,,,,,,,,,,,,,,,,,,,,,,,,,,,,,,,,,
689,13:10:12,0.383333333,0.3833,,,,,,,,,,,,,,,,,,,,,,,,,,,,,,,,,,,,,,,,,,,,,,,,,,
690,13:10:54,0.7,0.7,,,,,,,,,,,,,,,,,,,,,,,,,,,,,,,,,,,,,,,,,,,,,,,,,,
